,cent_latitude,cent_longitude,clust_size,min_distance
0,40.717515595,-73.9893091328,14133,16.144526381
1,41.8781902128,-87.6298429998,3814,17.5985309358
2,33.4472769695,-111.902611932,2341,6.29347456538
3,38.8869858429,-77.0485665903,2744,13.4249800897
4,33.4484736503,-112.074079455,2735,6.1221534974
5,37.686006854,-122.408890507,1700,5.76990202049
6,37.7864841235,-122.423815529,2224,5.84968044114
7,33.7685600832,-84.3926919823,1854,8.8868628726
8,42.3630181534,-71.074572009,1650,18.9115942575
9,47.6064321793,-122.332078722,1472,14.4614169709
10,34.0647506387,-118.267487204,940,0.323213310745
11,33.3576387985,-111.822635055,1274,6.37826333769
12,44.9777087444,-93.2680521352,1171,23.0810862171
13,36.117361153,-115.171257613,1174,3.83452137463
14,30.2673217231,-97.7428671005,1087,17.965779817
15,39.9518871287,-75.1634943326,1064,14.9998442996
16,40.7688693225,-73.8381236332,750,16.2515190452
17,32.9811214555,-117.078438369,993,1.35126210432
18,34.0350337354,-118.433901879,671,0.374996309159
19,39.7349464379,-104.989195229,821,14.4924905414
20,28.5424416496,-81.3768333981,781,2.87441545921
21,32.8034307155,-96.7695989648,785,17.8481867744
22,34.1261459763,-118.353230276,531,0.409370004152
23,25.7874678472,-80.215136596,703,0.135349498889
24,43.0406802445,-87.9063670026,683,18.7723345456
25,-6.21190821016,106.84406738,641,46.704053106
26,29.7621558605,-95.3832629621,626,15.5545624586
27,37.395486331,-122.093633411,645,5.3412034412
28,45.5230548168,-122.676017306,581,12.5980320126
29,37.344713625,-121.908428589,628,5.17193097202
30,32.7110442225,-117.153251778,542,1.46776022917
31,33.6775484459,-117.853851075,597,0.34290886773
32,33.8095446897,-117.891370181,522,0.303024641087
33,43.6533794785,-79.3830975441,510,17.8105201968
34,32.2217429,-110.926479,472,7.42158402197
35,27.9493668986,-82.465016083,435,2.98607440688
36,40.7563629337,-74.1932126488,295,16.1015275012
37,33.9219580243,-118.413539376,395,0.28225302759
38,39.99629727,-82.9994636028,393,14.3796289366
39,39.768327279,-86.15806221,390,15.0751904229
40,34.1603459951,-118.234368666,76,0.41160590121
41,39.0983706548,-94.5869666937,361,19.4545265499
42,47.6428056237,-122.169565455,400,14.4506587674
43,40.439750535,-79.9967019414,351,14.5756923532
44,39.2872209031,-76.6139701028,341,13.9229220224
45,37.8044578797,-122.268352524,378,5.75078373676
46,35.2273068307,-80.8431951377,329,9.37395377021
47,40.8447466049,-74.1327318361,297,16.206297681
48,33.8112939268,-118.145453402,277,0.0739983855999
49,34.1891089085,-118.456560696,293,0.513249164819
50,40.8614436274,-73.8789245858,332,16.3202867861
51,29.4243695183,-98.4935743093,292,18.5142879214
52,34.1264930104,-118.122380516,244,0.381038889814
53,33.5590378206,-112.211604426,280,5.98022621459
54,51.5027243943,-0.12809028172,285,0.052612089848
55,35.7709958431,-78.6369312066,270,10.0459518238
56,37.542420008,-122.298999579,274,5.59169018417
57,40.7069765872,-73.6032636628,396,16.2902706345
58,38.6449735095,-90.2266823337,276,16.1653524047
59,26.1215124549,-80.1588952664,216,0.302820705768
60,38.8772096301,-77.2441833414,265,13.3690833386
61,44.9591676797,-93.1194302494,256,22.9826636907
62,41.4914493907,-81.7061641961,227,15.684721143
63,42.4057073785,-83.0904003895,144,16.7677317083
64,39.0114494098,-77.0870646192,184,13.5364583197
65,29.9650413565,-90.0814873595,203,10.5827315487
66,37.5432944963,-77.4691800936,226,12.0195393103
67,38.9841408413,-77.4026548078,186,13.43782019
68,38.5815087152,-121.496437575,211,5.85422938329
69,39.1293344595,-84.50202734,211,13.904133805
70,34.0706189927,-118.02820075,89,0.357424340202
71,44.9205175419,-93.414157153,124,23.1161774927
72,40.690675904,-74.2786490975,160,16.0083483679
73,41.5976848151,-93.6526348833,212,20.6174854274
74,40.0149856,-105.2705456,191,14.3566636787
75,36.0871165337,-86.6489070019,187,12.0182660859
76,40.9851574172,-73.7568693167,208,16.4822680268
77,42.4877590531,-83.1617286101,161,16.8605222816
78,36.1644467864,-86.7809201441,178,12.1537061333
79,40.759315808,-111.895353247,168,9.41909362702
80,49.2407340229,-123.110774271,175,16.2526828624
81,39.0082397822,-94.6723240172,150,19.4562049988
82,40.604218178,-74.1326363542,139,15.9843150365
83,33.9015531258,-118.063269486,151,0.195769670497
84,43.0730428155,-89.4011768354,161,19.4529076497
85,30.3324660025,-81.6551801255,161,4.65892108768
86,40.4997420755,-74.4284967113,148,15.7751047093
87,41.2530813873,-95.9996397127,155,21.9643096034
88,33.5779276506,-117.705753512,179,0.513152944998
89,41.0815363244,-73.4939125647,121,16.6766723082
90,37.6921690819,-122.097259359,155,5.55041926154
91,42.8909810221,-78.8760666786,145,17.0847217688
92,43.164348573,-77.6157059905,148,17.5073781955
93,42.0542491535,-87.8241108799,186,17.8396505365
94,33.4778706347,-112.353503951,95,5.84163767993
95,42.9570396007,-85.6682386993,142,17.9054166381
96,32.8572378293,-96.99285997,77,18.0748488613
97,33.0123149921,-96.7000254784,123,17.8666006901
98,34.0082839217,-117.918333039,113,0.373058282723
99,45.5048896732,-73.5563918594,138,20.7706498316
100,33.9789700051,-84.5743371307,169,9.15731929907
101,43.0530332838,-76.1413125779,115,17.6870089953
102,41.7980444051,-88.1099130824,110,17.7311410262
103,44.8553581015,-93.3085982871,118,23.0027514297
104,1.34979710458,103.82013587,131,40.248374307
105,35.1494357519,-90.0485354534,131,13.4430013015
106,32.9312835062,-97.0701194202,96,18.1747719083
107,26.0369896,-80.2129081891,104,0.202519032011
108,47.4508391189,-122.258791852,127,14.2913723738
109,37.9119546685,-122.066413031,122,5.687493894
110,28.6452928894,-81.3431439244,141,2.95858753203
111,33.5787886723,-112.350758048,108,5.8405295564
112,42.0826821877,-87.9465653221,53,17.9172044008
113,32.7268959213,-97.3200688484,123,18.3278609786
114,39.0915252117,-77.1703164942,114,13.5946700011
115,34.0641812051,-84.3168025814,118,9.11719584833
116,45.0456886086,-93.415645956,97,23.2202933411
117,39.9801991061,-86.058268393,115,15.2329287593
118,34.0559825052,-117.699034437,124,0.576764235898
119,26.329980186,-80.0927368289,116,0.51691973096
120,38.5283107904,-90.3781801342,110,16.1670764097
121,38.2538839795,-85.758133225,113,13.5257238243
122,35.7954123125,-78.8004674509,102,10.0439166597
123,41.8713608345,-87.8760775618,78,17.6959919551
124,39.1916183972,-76.8498100213,62,13.7694097248
125,40.0776776,-75.3293550852,85,15.0622069057
126,21.3052974296,-157.856515484,108,41.5744491164
127,-23.5499428336,-46.6385495486,106,59.8065579051
128,37.5554467327,-121.999080532,104,5.38427361144
129,40.5763027779,-74.2870009385,73,15.899330015
130,42.1608857981,-87.8366615356,66,17.9417131503
131,-0.3012262,36.5229641,103,61.4503907352
132,35.2013516,-111.639249,103,6.70809575846
133,34.0699352738,-117.806620162,73,0.49755267655
134,42.2712313233,-83.7269565311,103,16.7527305984
135,34.0489281,-111.0937311,103,7.10124971173
136,42.6163588353,-83.1868374255,69,16.9915137889
137,-6.91541462941,107.608211176,103,47.2324080846
138,41.8512870069,-87.9749572861,104,17.720306859
139,32.7838859119,-79.9201822347,102,6.92793562978
140,39.616705675,-104.992945391,116,14.4406457233
141,40.816980613,-74.36585376,120,16.0928805197
142,28.380697337,-81.537397731,100,2.79052454568
143,40.2530863192,-74.0466909879,53,15.6953613717
144,27.7769579,-82.6456374245,96,3.00575946939
145,33.7955638396,-84.2837163677,102,8.86165274235
146,40.8072860758,-96.6814909263,95,22.1529652856
147,42.3182348436,-83.4061153947,96,16.736715104
148,41.1330405,-73.3501930862,71,16.782881823
149,37.9267955793,-122.520166138,92,6.01632843151
150,43.0180414418,-88.0365315934,100,18.804635892
151,39.8845304407,-75.0492283132,92,14.9764804444
152,42.0364182681,-88.0711238385,69,17.9288152631
153,30.4418596538,-84.2862098846,91,6.05151180708
154,48.857981911,2.34730393407,91,3.58693218191
155,40.149264782,-74.0429663798,78,15.6017596733
156,40.8380760101,-73.3795100506,105,16.5026855939
157,35.9940329,-78.898619,88,10.2261395748
158,38.9727994609,-76.9252994598,77,13.5386351671
159,35.9127732093,-79.0585577558,86,10.1244461679
160,38.9517053,-92.3340724,86,17.7603295401
161,40.9304939129,-74.2445130776,97,16.2434062819
162,33.92003586,-84.2814272529,47,8.97217060627
163,19.42045432,-99.1397025718,92,19.8895384336
164,41.7773405176,-72.6796896494,64,17.6508574901
165,-7.26703446988,112.742099181,82,46.7658072542
166,33.896400994,-118.220429075,66,0.148543498958
167,40.337157,-74.6600970205,77,15.538508779
168,42.198384841,-87.9374916867,52,18.0181458789
169,39.071982778,-76.6417819195,64,13.7080894823
170,39.9652375707,-75.326326922,70,14.9571871087
171,44.778782158,-93.1930386568,65,22.8743707484
172,41.0690469617,-74.0002859531,125,16.4642242884
173,33.1786137593,-117.366286962,81,1.00218370944
174,42.7326309136,-84.5170490469,82,17.3783016426
175,37.7058997506,-121.925134232,66,5.44055906632
176,40.0627032557,-74.3987414152,79,15.382040156
177,36.0338913684,-115.0015801,79,3.92024445447
178,41.3065338278,-72.9416445709,64,17.1130757835
179,40.3349716896,-74.2757778325,47,15.6806665384
180,27.9949324584,-82.7825876714,67,3.25100718732
181,13.7232491868,100.489080136,73,30.5185359129
182,34.4212471342,-119.696450237,76,1.64986367286
183,41.7997560253,-71.410386788,79,18.2560628437
184,40.6298128987,-74.4204315907,55,15.8988176909
185,40.5651265162,-74.6032856851,75,15.7715309174
186,39.8525442589,-105.053477088,56,14.4831140968
187,39.5296235685,-119.810357315,73,6.00157744115
188,32.8807779764,-97.1856726181,66,18.261841346
189,32.7856261943,-116.989420401,70,1.53975614241
190,35.9606384,-83.9207392,70,10.7145871268
191,26.19784062,-80.2434946586,71,0.339807093568
192,35.4678370159,-97.5171562319,69,19.6916878893
193,-6.31146469853,106.789545696,69,46.8131187721
194,40.7372148559,-73.2982188515,70,16.4458089551
195,36.072601703,-79.7928725104,66,10.2186840474
196,33.999541094,-81.0389065925,67,8.16315990769
197,40.1140200015,-88.2343442313,67,16.2950396908
198,42.6855929597,-73.7523009985,68,18.0562749517
199,42.4906185606,-83.424627003,50,16.9095651364
200,31.7587198,-106.4869314,65,11.8702404654
201,34.3930028,-118.544338795,84,0.73366375518
202,36.8529263,-75.977985,65,11.8136895421
203,41.1672608031,-73.2195416578,47,16.8686228183
204,41.4559186484,-81.8597077953,59,15.6636356074
205,32.7950584516,-117.229229209,62,1.35462720691
206,42.2818026547,-85.5864382125,65,17.2369840521
207,33.9702269937,-84.1868858222,62,8.97615457764
208,42.2502236226,-71.0080651387,44,18.8460792833
209,40.231459079,-74.7777164597,48,15.3973727808
210,33.6085567596,-86.6368193085,63,9.988519865
211,41.1262063721,-73.8664816557,56,16.5687042167
212,32.735687,-97.1080656,76,18.1347653724
213,33.8780393459,-117.565564102,66,0.635937805635
214,33.0594707033,-97.0543582262,49,18.2104929365
215,34.8526176,-82.3940104,61,9.22022560424
216,40.5859341492,-105.085297341,61,14.7787938569
217,3.12939821148,101.666633446,63,39.3617646964
218,38.8347426367,-104.824557917,60,14.2983560466
219,40.3708445367,-74.12812834,31,15.7711895654
220,34.1615239133,-118.82933494,72,0.76069994548
221,30.4508739407,-91.1543097898,59,11.7600276747
222,27.9237127983,-82.2857862373,59,2.84168800452
223,41.6316857525,-87.7821511475,41,17.4391628257
224,45.0831652864,-93.2914793017,54,23.1815709921
225,41.7202214339,-87.7284101,51,17.4964243647
226,-6.18255289661,106.656394929,59,46.7167450472
227,26.6992399305,-80.0535855949,57,0.874405790538
228,39.7541537569,-84.1914775207,56,14.4148910246
229,32.0560622569,-81.1014764862,58,6.23696009185
230,42.5360188155,-82.9746197879,38,16.8777019273
231,33.1502543086,-117.158352619,58,1.19286479978
232,28.2955044207,-81.4083325034,58,2.65886910751
233,37.6922361,-97.3375448,58,20.7189662423
234,33.1444677517,-96.8429706552,59,18.0505784978
235,40.4327864439,-74.2230239386,44,15.7912640018
236,44.0512504474,-123.077669432,57,11.401363252
237,42.5237065579,-70.9160874456,64,19.129358497
238,43.0267053684,-88.2362452158,57,18.8952909084
239,-33.8604826614,151.209228275,58,0.00896399282798
240,40.8175305877,-73.0757360825,45,16.6143121929
241,33.0581063,-112.0476423,56,6.1800943828
242,36.9809195482,-122.023745177,59,5.01376661754
243,47.7814377786,-122.278652321,69,14.6141299525
244,40.1351304,-75.1825290429,50,15.1655682189
245,39.0719886893,-77.5147747304,57,13.4998032375
246,38.7286735357,-121.260258046,72,5.84882034117
247,41.9376379464,-88.1279135304,24,17.8645180305
248,29.9860318321,-90.1906853607,56,10.6915645025
249,42.3281890291,-87.8825422364,59,18.1128772174
250,33.9533487,-117.3961564,55,0.8179374884
251,45.4116528909,-75.6983998545,55,20.0838725672
252,51.045,-114.0572222,55,17.7803907306
253,39.3419543945,-76.7718928764,56,13.9345918657
254,39.2000179327,-76.6738271727,45,13.82296459
255,33.0134700109,-117.282434153,55,1.16865283209
256,35.0844909,-106.6511367,55,11.6143768327
257,41.0916813815,-81.5045960648,50,15.2696445984
258,44.4773166111,-73.1991654278,56,19.9269016954
259,42.3280690741,-71.3653353833,33,18.7403926065
260,33.6499415849,-84.4431023075,48,8.80504241713
261,30.4900589302,-97.6633397019,53,17.9447638005
262,37.09024,-95.712891,52,19.0462330142
263,35.67472705,139.708438985,52,22.9708937725
264,39.7294319,-104.8319195,52,14.6336253156
265,39.4198314404,-76.6035424481,42,14.0535389984
266,41.3687057558,-81.7728889135,42,15.5685261449
267,43.5867164,-116.1956556,51,10.035350199
268,26.4962760725,-80.0691652392,51,0.678279082107
269,39.74545094,-75.548089438,53,14.6765595995
270,42.9697047388,-78.795540002,52,17.1701450001
271,40.265875398,-76.8913573633,57,14.8016975371
272,25.9075834878,-80.2586693531,73,0.0766230113995
273,36.8222567061,-76.2839853469,49,11.6757946023
274,27.3364347,-82.5306527,48,2.65063767419
275,22.387370375,114.118447371,42,17.2279820831
276,33.9314846458,-83.99447495,53,8.85977296803
277,42.2047261298,-71.1562619468,41,18.7335739901
278,42.2154256277,-88.2977141809,39,18.1886014886
279,41.8191174532,-72.5786432915,47,17.7324256024
280,38.9993156319,-76.7788690809,30,13.601733689
281,42.4925792936,-71.2585889404,89,18.9359234104
282,33.4900819717,-86.7994944783,47,10.0015341098
283,36.5997410717,-121.888095604,47,4.66893772237
284,41.3465962043,-73.4553095348,47,16.9344505515
285,39.0846988348,-76.8763398674,37,13.6592557204
286,34.0549527089,-84.0770532044,30,9.00638968171
287,33.46697806,-117.65648846,33,0.603421568323
288,34.7546288911,-92.2817921156,45,14.8984188202
289,36.778261,-119.4179324,45,3.26703934664
290,43.6565968844,-70.25586254,43,20.4404818755
291,34.0823089311,-117.238874024,43,1.00589637187
292,32.9520497067,-96.8629288533,45,17.9922158528
293,38.8332614933,-77.4370622333,35,13.2830693279
294,40.588429675,-111.890421809,46,9.29599207913
295,40.172446175,-74.9142340659,36,15.2935135182
296,29.6516344,-82.3248262,44,4.28027200139
297,35.9249015045,-86.8687374636,44,11.999110304
298,42.7592932818,-71.4634011182,44,19.0745111503
299,44.2507362636,-88.4199486795,44,20.0867420322
300,33.9557141068,-83.3818019955,44,8.64666603398
301,-8.67830436364,115.208048091,44,43.9355662737
302,40.6191087023,-75.4887620698,42,15.5236479036
303,39.363664769,-74.429470531,40,14.7270818068
304,39.165325,-86.5263857,42,14.6729009621
305,38.7277476214,-77.2249864643,40,13.2281708026
306,13.7806967976,100.617330557,47,30.4008250024
307,38.9752215429,-76.5009060571,43,13.6536849064
308,44.9363821585,-92.9720159976,48,22.881928255
309,37.6488788415,-77.5228189463,41,12.1096074186
310,39.9842636244,-75.623522139,54,14.8785730101
311,41.5004114951,-81.5194779951,34,15.6783109242
312,44.8840315171,-93.6074712561,57,23.1962717274
313,39.9638922366,-105.085788978,38,14.501169386
314,42.0164086561,-88.2098930951,32,17.9712300344
315,37.7993839341,-121.990184329,34,5.55321066941
316,42.071700422,-72.5925278512,50,17.953994494
317,44.680923245,-93.2153651975,40,22.806146544
318,37.566535,126.9779692,40,10.1034487054
319,38.0317136,-84.4951359,40,12.8592285173
320,41.7678069925,-88.32277321,34,17.798617214
321,42.260733155,-83.1867936975,50,16.6410720605
322,47.5333719275,-122.024034805,40,14.3057899758
323,47.2778711375,-122.28641255,40,14.1336360958
324,38.9716689,-95.2352501,40,19.8508180586
325,36.0331164,-86.7827772,39,12.043639947
326,40.4915610538,-88.9916344846,39,16.9994745768
327,34.2257255,-77.9447102,39,8.6900840297
328,14.5792664462,121.026095774,42,25.1062940711
329,38.7215521289,-75.0792375368,38,13.8826992754
330,40.0998214605,-83.1137481211,32,14.5029067406
331,45.6359375158,-122.657659853,38,12.6971020404
332,38.5826847289,-90.4709756789,20,16.2674116725
333,41.24022435,-73.7283386026,32,16.7277517182
334,42.6367509842,-83.0165073842,38,16.9837815255
335,47.9923914395,-122.197474579,38,14.7945697269
336,33.2412089605,-111.628113642,39,6.58042457694
337,42.5780853763,-83.3094627632,38,16.9749247885
338,41.2365894,-73.0824337324,36,16.9895149105
339,40.6159017838,-75.3640312405,37,15.5599111439
340,42.1882226459,-88.1973627811,31,18.1203283424
341,34.1510783027,-84.5105100378,37,9.28114512028
342,34.0982247811,-117.351073597,20,0.906674012539
343,39.938544673,-74.9062182676,41,15.0778404472
344,40.8610678568,-74.6390714676,31,16.03495343
345,40.4871556081,-80.2201796162,38,14.6197890699
346,40.2415332432,-75.1287769622,36,15.2838998593
347,40.1722437324,-75.4686677838,23,15.1061020402
348,39.9634992838,-76.7243890865,37,14.5481468375
349,34.2073196,-84.1401926,36,9.17121012945
350,43.5528776833,-79.6275606667,36,17.698853796
351,-33.4257767528,-70.5699280583,36,60.090472098
352,45.4404536139,-122.793817006,36,12.5635816604
353,42.4439614,-76.5018807,36,17.0111942908
354,-34.6065559528,-58.3768823,35,64.3336696783
355,40.3819842917,-74.5220818028,24,15.6309629997
356,41.67803415,-86.22715885,36,16.8763575004
357,38.3047222,-122.2988889,36,6.13410035536
358,33.16370295,-96.6495869611,36,17.881614464
359,39.4130783257,-77.4112472629,35,13.8550028149
360,-0.789275,113.921327,35,40.2763866205
361,33.5074162886,-117.163349577,35,1.05398935757
362,35.6046197229,-82.5550072171,35,9.98918316256
363,-7.79342247429,110.379774009,36,47.6273487579
364,42.4364275229,-71.4075997057,35,18.8155733797
365,28.0394654,-81.9498042,35,2.71279758007
366,33.5778631,-101.8551665,34,16.3344940436
367,30.4175345765,-87.2137938706,34,8.25641134192
368,21.3674480912,-157.996976212,34,41.6899854729
369,47.6587802,-117.4260466,34,13.9284007151
370,42.0887532559,-71.1682112235,28,18.6266473927
371,28.0699868059,-80.6032683471,35,2.21987266411
372,36.7508863941,-119.774213953,34,3.39284308107
373,40.7926362636,-77.8558027758,33,15.1276309465
374,29.2152085424,-81.0254342061,33,3.42014906816
375,28.5391726212,-81.5619962727,32,2.94430317575
376,42.2687549727,-71.4686753303,27,18.6389981705
377,52.3729695424,4.89231146364,33,0.00934534259306
378,33.1927204364,-97.1082188091,33,18.3128780944
379,36.1539816,-95.992775,32,18.7433647834
380,3.585242,98.675598,32,40.2170015865
381,42.7012892531,-71.1311424125,38,19.1801793137
382,41.2716788719,-73.8651213031,33,16.7032951388
383,35.8456213,-86.39027,32,11.6771751469
384,39.3599642594,-84.5146565781,28,14.1280166244
385,41.2681168437,-75.9007117281,32,16.023053251
386,30.69574545,-88.0441739375,32,9.10543627772
387,43.5499749,-96.700327,31,23.6170780113
388,40.0762633613,-74.8482971129,24,15.2271744674
389,29.6195621968,-95.6324551968,31,15.7613910799
390,42.9908817,-71.4607032032,28,19.2811359901
391,44.5043649258,-88.0292971258,31,20.1666495457
392,55.7511477935,37.6203875484,31,32.9085428734
393,42.2616940935,-71.7764935935,36,18.4884750798
394,41.464224571,-72.8591378129,31,17.2909327417
395,41.5831330367,-81.46299672,20,15.7566098294
396,52.5211713367,13.4088430067,30,8.5249463602
397,39.3154850833,-74.5721094533,28,14.6262618164
398,34.2659,-119.258366,30,1.18698635713
399,27.8005828,-97.396381,30,17.1813308269
400,39.02345603,-84.6462126667,31,13.8475084078
401,45.09154616,-93.09603902,22,23.0797940783
402,31.230393,121.473704,30,9.26757501077
403,28.5502780133,-81.7719654,30,3.04832733452
404,41.7143372,-73.9226690448,30,17.0907370441
405,27.8561296103,-82.7739212207,29,3.15519488605
406,40.7004820621,-73.1237335448,25,16.4880521361
407,40.0323583828,-76.3122196414,29,14.7218150932
408,40.424604269,-86.9035443138,29,15.9747078451
409,38.7814904966,-90.5502790207,43,16.4723849312
410,36.2007075793,-86.5663613034,29,12.0721136545
411,34.0050079,-118.8100893,29,0.671158939615
412,35.0449307897,-85.3052956345,29,10.4418894247
413,41.079273,-85.1393513,29,15.9554802152
414,42.6064681276,-71.2886624345,29,19.0216869487
415,40.4409116172,-79.8510834138,26,14.580850709
416,39.6837226,-75.7496572,29,14.5535960863
417,42.9147277,-87.863240025,28,18.6396973442
418,42.7148939821,-83.24084905,25,17.0977794979
419,38.2827462321,-122.666703189,28,6.3707431063
420,43.0744540821,-70.7676966071,28,19.6823854949
421,38.4407552179,-122.71579155,31,6.51808266994
422,38.8759707,-94.8278741786,28,19.4826376888
423,41.3606283,-72.1054288964,25,17.5378598901
424,43.146052825,-77.4522831786,28,17.5153548654
425,40.8876437393,-72.9936683964,26,16.7132609196
426,40.7296043214,-74.6273100679,28,15.916303837
427,25.6759534643,-100.308277154,28,19.6194240947
428,40.3536555407,-80.0700682,27,14.4881470598
429,43.0387262593,-76.040306537,27,17.6972859501
430,47.6093313889,-122.672849352,29,14.5654697186
431,41.6639383,-83.555212,29,16.1232747438
432,41.5172008995,-90.541519296,30,18.6895982235
433,34.2694474,-118.781482,40,0.787301493711
434,-22.9035393,-43.2095869,27,61.2872381879
435,38.0499828185,-122.277161222,57,5.93245815868
436,40.9658053923,-72.1753134,26,17.1567678538
437,61.2180556,-149.9002778,26,41.9528968762
438,32.07165125,34.7948201654,23,36.152128922
439,34.7303688,-86.5861037,26,10.8516703831
440,46.7841373538,-92.1006234462,26,24.0037908095
441,38.7288975192,-90.3781600269,26,16.3246218002
442,33.4863145923,-82.0214742615,26,7.80536769378
443,41.1693510154,-81.4049393,16,15.339739277
444,40.1671878962,-111.654751742,26,9.15734214601
445,26.6426791923,-81.8729066846,26,1.73184570215
446,37.9746411231,-87.5564344154,26,14.1026090253
447,41.5342460808,-73.9612228769,38,16.9093449609
448,31.5459996769,-97.1511568846,26,17.759278795
449,38.0293059,-78.4766781,26,12.3010897577
450,42.4431922615,-82.9059534462,24,16.77532816
451,46.8769326538,-96.7880663846,26,25.1052119596
452,37.2150810462,-93.2980149577,26,17.2361333762
453,-6.247244816,107.147065536,28,46.6734018752
454,41.53899104,-87.496507088,25,17.2345997473
455,42.1292241,-80.085059,25,16.2632451705
456,30.16243782,-95.48266212,25,15.7551891196
457,37.00942474,-76.37833428,26,11.8197470938
458,33.6890603,-78.8866943,25,7.95231381105
459,43.46270192,-80.51880316,25,17.5960429875
460,40.823569284,-81.386091352,25,14.9934899495
461,-37.8159371708,144.966926288,24,7.38226490743
462,41.6603030208,-72.8416464667,26,17.4754834962
463,44.9448650792,-123.034725942,24,12.1975404829
464,36.35583955,-94.1712002833,24,17.3707241998
465,37.4768851167,-122.4463647,24,5.65751923771
467,33.7763685708,-84.7239864042,17,9.05015628119
468,40.6442264522,-111.501632465,23,9.60365343669
469,39.9148487304,-82.7891789087,23,14.2617639584
470,27.5008842435,-82.574602,23,2.78062230829
471,41.6117461087,-88.2039672739,22,17.6058487555
473,37.9470368609,-121.660604704,23,5.4459384256
474,36.0605047609,-94.1607267,23,17.1855849675
475,36.0998596,-80.244216,23,10.2324355544
476,18.4661043478,-66.1059149435,23,16.0293915168
477,35.3736785565,-119.017142396,23,1.82165785474
478,28.6663376391,-81.1970693043,23,2.93158977453
479,43.0288493696,-89.5197847565,21,19.4695694858
480,29.7857853,-95.8243956,23,15.9878009118
481,47.039866987,-122.89691383,23,14.0979971861
482,28.8812186522,-81.2777045304,25,3.16076079138
483,33.7132831348,-116.307472943,27,1.8816506774
484,37.6390972,-120.9968782,23,4.79591347481
485,40.6971149478,-89.5872954261,23,17.4847640264
486,35.4283264261,-80.8456042261,21,9.57480230946
487,45.4025570318,-122.608766614,23,12.4614991733
488,55.6889693182,12.5866113227,22,8.38272758204
489,35.2827524,-120.6596156,22,2.90699899062
490,43.1030376136,-88.4273322909,22,19.045149933
491,32.9298174773,-96.6210842318,22,17.7613109972
492,30.0799405,-95.4171601,22,15.6698004759
493,42.3442173545,-88.1632761864,22,18.2462837382
494,48.7595529,-122.4882249,22,15.6119798839
495,39.9458125136,-74.1659480864,23,15.3660427689
496,41.6761746091,-91.5563948864,23,19.3925454811
497,47.25225815,-122.440325864,21,14.1545919888
498,40.1261743,-82.9290696,22,14.4944419007
499,45.0287103273,-92.7994877773,23,22.8643355065
500,27.6648274,-81.5157535,22,2.15627860708
501,35.6779995601,-78.8299070146,20,9.9234032273
502,38.5649602429,-89.9406381667,21,15.9278687229
503,34.2163937,-119.0376023,21,0.96793633519
504,32.4614525762,-84.9883311095,21,8.07663301599
505,41.8815400714,-88.2811663667,20,17.8817384886
506,39.3722121,-104.8560902,21,14.4690864289
507,42.8157494095,-73.9383369857,21,18.1111383449
508,38.0097228905,-121.806106743,18,5.58745949018
509,45.2028646381,-93.4172359857,24,23.3511667891
510,33.8333716,-111.9507042,21,6.23857597256
511,39.5872222,-78.8425,21,13.7992567758
512,38.5449065,-121.7405167,21,5.96607086028
513,37.6780561524,-121.765701043,21,5.31170827641
514,45.07959119,-92.983136355,19,23.0075243386
515,42.222038355,-71.589913295,16,18.5404827988
516,39.77453074,-86.39884212,23,15.1756791404
517,39.672045575,-84.11818656,19,14.3162122874
518,42.35399805,-88.055008625,20,18.2088862142
519,40.2663224,-76.67191509,21,14.8545569374
520,42.10207552,-75.92614088,24,16.8195114319
521,30.274402705,-81.39352693,20,4.53457287803
523,42.11530774,-79.289798285,20,16.2804606993
524,30.63725446,-96.34151808,20,16.7124347638
525,40.4166909,-3.7003454,20,11.6638870297
526,39.904214,116.407413,20,0.82731826513
527,33.82524075,-116.537292,20,1.65310348527
528,37.2707022,-76.7074571,20,11.962769736
529,12.9715987,77.5945627,20,47.4587043816
530,44.0216306,-92.4698992,20,21.8422512276
531,42.02335,-93.625622,20,20.9268708981
532,48.1391265,11.5801863,20,7.92464657013
533,42.7261309,-87.7828523,19,18.4347016737
534,45.5241549579,-122.957436526,17,12.7020125166
535,46.729553,-94.6858998,19,25.3273812791
536,41.4930209895,-71.3117001,18,18.0381033193
537,40.2732005526,-74.3745100421,19,15.5857377121
539,39.1910983,-106.8175387,19,12.6053907032
540,33.4150485,-111.5495777,19,6.64767069356
541,40.3885653579,-111.826316458,18,9.19423896116
542,42.2817156684,-89.0863198158,19,18.6063146341
543,28.3321532632,-80.6481124,20,2.48562388832
544,42.3537399842,-72.5782127842,19,18.2150307163
545,20.8842689737,-156.682178358,20,40.5870015173
546,35.6062153158,-77.3667523368,19,10.1776214913
547,35.4128890474,-80.5817332684,19,9.54862887302
548,43.2321651526,-87.9731152684,21,18.9744720508
549,31.9685988,-99.9018131,19,18.3736125193
550,41.387917,2.1699187,19,10.3613241727
552,33.3703197,-112.5837766,18,5.61789490644
554,39.755543,-105.2210997,18,14.2902381068
555,29.8942639,-81.3132083,18,4.14623087965
556,32.216316,-80.752608,18,6.36302392031
557,41.6287730778,-70.9396211222,20,18.3433648461
558,41.5669117833,-73.0676603389,20,17.2950937852
559,41.9950284389,-91.6633890889,18,19.7146817269
560,25.2644444,55.3116667,18,57.2541144365
561,36.6777372,-121.6555013,18,4.53680539734
562,38.6926288222,-76.8841724222,18,13.2782185447
563,45.7832856,-108.5006904,18,15.4475737902
564,49.2346831111,-122.957817611,17,16.2012334735
565,32.7253248,-114.624397,18,3.70905903678
566,41.0359353,-71.9545146,18,17.324101639
567,37.5068835556,-77.6422326778,18,11.944130524
568,43.8926784889,-79.248967,19,18.0569791798
570,42.5640977889,-83.5362589556,19,17.0025397912
571,40.9240855389,-72.3433968889,18,17.04070242
572,41.3606863833,-81.6177168056,18,15.5468618899
573,39.3656946222,-76.5009012333,19,14.0289649696
574,35.1538550222,-89.7774300944,19,13.2513076284
576,39.0166078412,-94.2669577176,17,19.1649593232
577,39.7817213,-89.6501481,17,16.7503391506
578,43.2079495059,-71.5558818294,17,19.4310302069
581,42.8152873118,-70.8803797824,17,19.4011249471
582,39.5186002,-104.7613633,28,14.6135711562
584,41.7266667,-93.6041667,17,20.6849082556
585,40.5466132882,-79.9486049941,17,14.6836796124
586,39.629526,-79.9558968,17,13.7667152721
587,42.2411499,-83.6129939,19,16.7004610889
588,40.2320763059,-75.5887638176,17,15.1247424016
589,41.7636570176,-72.2520168118,17,17.8280422454
590,-6.589166,106.792999,17,47.0833739564
591,38.4467702059,-78.8661888882,16,12.6632402258
593,42.7919354588,-86.0929984941,17,17.8803952013
594,41.4232424706,-70.5504340412,17,18.3711360723
595,1.46386774375,124.84053035,17,38.6977642967
596,45.4630555437,9.1873592375,16,8.14483847428
598,30.5189994062,-97.8264350125,16,18.1098156283
599,32.6098566,-85.4807825,16,8.48807396157
601,34.5400242,-112.4685025,16,5.77436050155
602,35.2214522687,-106.6630143,16,11.6191121964
603,43.204251225,-70.8698156188,16,19.746861924
605,39.7284944,-121.8374777,16,7.00288616574
606,41.6374438375,-88.0711372062,20,17.5698612075
607,40.6381324125,-89.4110136625,16,17.3417507568
608,42.712743375,-83.4107480625,16,17.1254655689
609,41.2033216,-77.1945247,16,15.651662129
610,41.2799211125,-70.1064851875,16,18.4914961364
611,38.916343,-94.383516,16,19.1815763951
612,41.5343553875,-87.894913725,16,17.3999983111
613,37.1921777,-80.41206415,16,11.3247832074
614,40.6891747438,-75.2120639563,16,15.6782691179
615,35.6528323,-97.4780954,16,19.7485978959
616,26.1420358,-81.7948103,16,1.49605551512
617,53.336550875,-6.2602184375,17,6.4508024344
622,42.0471561467,-70.9824882733,16,18.6826027326
626,33.58818686,-84.35996932,17,8.71168603097
653,40.8098011214,-72.8416699643,16,16.7108440472
661,40.2835213692,-75.4186601462,20,15.227552822
744,25.4649346545,-80.4778599545,18,0.431145135029
808,41.5780264778,-73.447221,17,17.149487215
914,39.276007675,-77.2227609,31,13.7622728053
979,39.7265924143,-75.2818529714,22,14.7476207424
1020,39.6544221,-74.8262745333,19,14.8424719778
