cent_latitude,cent_longitude,clust_size
40.717515595,-73.9893091328,14133
41.8781902128,-87.6298429998,3814
33.4472769695,-111.902611932,2341
38.8869858429,-77.0485665903,2744
33.4484736503,-112.074079455,2735
37.686006854,-122.408890507,1700
37.7864841235,-122.423815529,2224
33.7685600832,-84.3926919823,1854
42.3630181534,-71.074572009,1650
47.6064321793,-122.332078722,1472
34.0647506387,-118.267487204,940
33.3576387985,-111.822635055,1274
44.9777087444,-93.2680521352,1171
36.117361153,-115.171257613,1174
30.2673217231,-97.7428671005,1087
39.9518871287,-75.1634943326,1064
40.7688693225,-73.8381236332,750
32.9811214555,-117.078438369,993
34.0350337354,-118.433901879,671
39.7349464379,-104.989195229,821
28.5424416496,-81.3768333981,781
32.8034307155,-96.7695989648,785
34.1261459763,-118.353230276,531
25.7874678472,-80.215136596,703
43.0406802445,-87.9063670026,683
-6.21190821016,106.84406738,641
29.7621558605,-95.3832629621,626
37.395486331,-122.093633411,645
45.5230548168,-122.676017306,581
37.344713625,-121.908428589,628
32.7110442225,-117.153251778,542
33.6775484459,-117.853851075,597
33.8095446897,-117.891370181,522
43.6533794785,-79.3830975441,510
32.2217429,-110.926479,472
27.9493668986,-82.465016083,435
40.7563629337,-74.1932126488,295
33.9219580243,-118.413539376,395
39.99629727,-82.9994636028,393
39.768327279,-86.15806221,390
34.1603459951,-118.234368666,76
39.0983706548,-94.5869666937,361
47.6428056237,-122.169565455,400
40.439750535,-79.9967019414,351
39.2872209031,-76.6139701028,341
37.8044578797,-122.268352524,378
35.2273068307,-80.8431951377,329
40.8447466049,-74.1327318361,297
33.8112939268,-118.145453402,277
34.1891089085,-118.456560696,293
40.8614436274,-73.8789245858,332
29.4243695183,-98.4935743093,292
34.1264930104,-118.122380516,244
33.5590378206,-112.211604426,280
51.5027243943,-0.12809028172,285
35.7709958431,-78.6369312066,270
37.542420008,-122.298999579,274
40.7069765872,-73.6032636628,396
38.6449735095,-90.2266823337,276
26.1215124549,-80.1588952664,216
38.8772096301,-77.2441833414,265
44.9591676797,-93.1194302494,256
41.4914493907,-81.7061641961,227
42.4057073785,-83.0904003895,144
39.0114494098,-77.0870646192,184
29.9650413565,-90.0814873595,203
37.5432944963,-77.4691800936,226
38.9841408413,-77.4026548078,186
38.5815087152,-121.496437575,211
39.1293344595,-84.50202734,211
34.0706189927,-118.02820075,89
44.9205175419,-93.414157153,124
40.690675904,-74.2786490975,160
41.5976848151,-93.6526348833,212
40.0149856,-105.2705456,191
36.0871165337,-86.6489070019,187
40.9851574172,-73.7568693167,208
42.4877590531,-83.1617286101,161
36.1644467864,-86.7809201441,178
40.759315808,-111.895353247,168
49.2407340229,-123.110774271,175
39.0082397822,-94.6723240172,150
40.604218178,-74.1326363542,139
33.9015531258,-118.063269486,151
43.0730428155,-89.4011768354,161
30.3324660025,-81.6551801255,161
40.4997420755,-74.4284967113,148
41.2530813873,-95.9996397127,155
33.5779276506,-117.705753512,179
41.0815363244,-73.4939125647,121
37.6921690819,-122.097259359,155
42.8909810221,-78.8760666786,145
43.164348573,-77.6157059905,148
42.0542491535,-87.8241108799,186
33.4778706347,-112.353503951,95
42.9570396007,-85.6682386993,142
32.8572378293,-96.99285997,77
33.0123149921,-96.7000254784,123
34.0082839217,-117.918333039,113
45.5048896732,-73.5563918594,138
33.9789700051,-84.5743371307,169
43.0530332838,-76.1413125779,115
41.7980444051,-88.1099130824,110
44.8553581015,-93.3085982871,118
1.34979710458,103.82013587,131
35.1494357519,-90.0485354534,131
32.9312835062,-97.0701194202,96
26.0369896,-80.2129081891,104
47.4508391189,-122.258791852,127
37.9119546685,-122.066413031,122
28.6452928894,-81.3431439244,141
33.5787886723,-112.350758048,108
42.0826821877,-87.9465653221,53
32.7268959213,-97.3200688484,123
39.0915252117,-77.1703164942,114
34.0641812051,-84.3168025814,118
45.0456886086,-93.415645956,97
39.9801991061,-86.058268393,115
34.0559825052,-117.699034437,124
26.329980186,-80.0927368289,116
38.5283107904,-90.3781801342,110
38.2538839795,-85.758133225,113
35.7954123125,-78.8004674509,102
41.8713608345,-87.8760775618,78
39.1916183972,-76.8498100213,62
40.0776776,-75.3293550852,85
21.3052974296,-157.856515484,108
-23.5499428336,-46.6385495486,106
37.5554467327,-121.999080532,104
40.5763027779,-74.2870009385,73
42.1608857981,-87.8366615356,66
-0.3012262,36.5229641,103
35.2013516,-111.639249,103
34.0699352738,-117.806620162,73
42.2712313233,-83.7269565311,103
34.0489281,-111.0937311,103
42.6163588353,-83.1868374255,69
-6.91541462941,107.608211176,103
41.8512870069,-87.9749572861,104
32.7838859119,-79.9201822347,102
39.616705675,-104.992945391,116
40.816980613,-74.36585376,120
28.380697337,-81.537397731,100
40.2530863192,-74.0466909879,53
27.7769579,-82.6456374245,96
33.7955638396,-84.2837163677,102
40.8072860758,-96.6814909263,95
42.3182348436,-83.4061153947,96
41.1330405,-73.3501930862,71
37.9267955793,-122.520166138,92
43.0180414418,-88.0365315934,100
39.8845304407,-75.0492283132,92
42.0364182681,-88.0711238385,69
30.4418596538,-84.2862098846,91
48.857981911,2.34730393407,91
40.149264782,-74.0429663798,78
40.8380760101,-73.3795100506,105
35.9940329,-78.898619,88
38.9727994609,-76.9252994598,77
35.9127732093,-79.0585577558,86
38.9517053,-92.3340724,86
40.9304939129,-74.2445130776,97
33.92003586,-84.2814272529,47
19.42045432,-99.1397025718,92
41.7773405176,-72.6796896494,64
-7.26703446988,112.742099181,82
33.896400994,-118.220429075,66
40.337157,-74.6600970205,77
42.198384841,-87.9374916867,52
39.071982778,-76.6417819195,64
39.9652375707,-75.326326922,70
44.778782158,-93.1930386568,65
41.0690469617,-74.0002859531,125
33.1786137593,-117.366286962,81
42.7326309136,-84.5170490469,82
37.7058997506,-121.925134232,66
40.0627032557,-74.3987414152,79
36.0338913684,-115.0015801,79
41.3065338278,-72.9416445709,64
40.3349716896,-74.2757778325,47
27.9949324584,-82.7825876714,67
13.7232491868,100.489080136,73
34.4212471342,-119.696450237,76
41.7997560253,-71.410386788,79
40.6298128987,-74.4204315907,55
40.5651265162,-74.6032856851,75
39.8525442589,-105.053477088,56
39.5296235685,-119.810357315,73
32.8807779764,-97.1856726181,66
32.7856261943,-116.989420401,70
35.9606384,-83.9207392,70
26.19784062,-80.2434946586,71
35.4678370159,-97.5171562319,69
-6.31146469853,106.789545696,69
40.7372148559,-73.2982188515,70
36.072601703,-79.7928725104,66
33.999541094,-81.0389065925,67
40.1140200015,-88.2343442313,67
42.6855929597,-73.7523009985,68
42.4906185606,-83.424627003,50
31.7587198,-106.4869314,65
34.3930028,-118.544338795,84
36.8529263,-75.977985,65
41.1672608031,-73.2195416578,47
41.4559186484,-81.8597077953,59
32.7950584516,-117.229229209,62
42.2818026547,-85.5864382125,65
33.9702269937,-84.1868858222,62
42.2502236226,-71.0080651387,44
40.231459079,-74.7777164597,48
33.6085567596,-86.6368193085,63
41.1262063721,-73.8664816557,56
32.735687,-97.1080656,76
33.8780393459,-117.565564102,66
33.0594707033,-97.0543582262,49
34.8526176,-82.3940104,61
40.5859341492,-105.085297341,61
3.12939821148,101.666633446,63
38.8347426367,-104.824557917,60
40.3708445367,-74.12812834,31
34.1615239133,-118.82933494,72
30.4508739407,-91.1543097898,59
27.9237127983,-82.2857862373,59
41.6316857525,-87.7821511475,41
45.0831652864,-93.2914793017,54
41.7202214339,-87.7284101,51
-6.18255289661,106.656394929,59
26.6992399305,-80.0535855949,57
39.7541537569,-84.1914775207,56
32.0560622569,-81.1014764862,58
42.5360188155,-82.9746197879,38
33.1502543086,-117.158352619,58
28.2955044207,-81.4083325034,58
37.6922361,-97.3375448,58
33.1444677517,-96.8429706552,59
40.4327864439,-74.2230239386,44
44.0512504474,-123.077669432,57
42.5237065579,-70.9160874456,64
43.0267053684,-88.2362452158,57
-33.8604826614,151.209228275,58
40.8175305877,-73.0757360825,45
33.0581063,-112.0476423,56
36.9809195482,-122.023745177,59
47.7814377786,-122.278652321,69
40.1351304,-75.1825290429,50
39.0719886893,-77.5147747304,57
38.7286735357,-121.260258046,72
41.9376379464,-88.1279135304,24
29.9860318321,-90.1906853607,56
42.3281890291,-87.8825422364,59
33.9533487,-117.3961564,55
45.4116528909,-75.6983998545,55
51.045,-114.0572222,55
39.3419543945,-76.7718928764,56
39.2000179327,-76.6738271727,45
33.0134700109,-117.282434153,55
35.0844909,-106.6511367,55
41.0916813815,-81.5045960648,50
44.4773166111,-73.1991654278,56
42.3280690741,-71.3653353833,33
33.6499415849,-84.4431023075,48
30.4900589302,-97.6633397019,53
37.09024,-95.712891,52
35.67472705,139.708438985,52
39.7294319,-104.8319195,52
39.4198314404,-76.6035424481,42
41.3687057558,-81.7728889135,42
43.5867164,-116.1956556,51
26.4962760725,-80.0691652392,51
39.74545094,-75.548089438,53
42.9697047388,-78.795540002,52
40.265875398,-76.8913573633,57
25.9075834878,-80.2586693531,73
36.8222567061,-76.2839853469,49
27.3364347,-82.5306527,48
22.387370375,114.118447371,42
33.9314846458,-83.99447495,53
42.2047261298,-71.1562619468,41
42.2154256277,-88.2977141809,39
41.8191174532,-72.5786432915,47
38.9993156319,-76.7788690809,30
42.4925792936,-71.2585889404,89
33.4900819717,-86.7994944783,47
36.5997410717,-121.888095604,47
41.3465962043,-73.4553095348,47
39.0846988348,-76.8763398674,37
34.0549527089,-84.0770532044,30
33.46697806,-117.65648846,33
34.7546288911,-92.2817921156,45
36.778261,-119.4179324,45
43.6565968844,-70.25586254,43
34.0823089311,-117.238874024,43
32.9520497067,-96.8629288533,45
38.8332614933,-77.4370622333,35
40.588429675,-111.890421809,46
40.172446175,-74.9142340659,36
29.6516344,-82.3248262,44
35.9249015045,-86.8687374636,44
42.7592932818,-71.4634011182,44
44.2507362636,-88.4199486795,44
33.9557141068,-83.3818019955,44
-8.67830436364,115.208048091,44
40.6191087023,-75.4887620698,42
39.363664769,-74.429470531,40
39.165325,-86.5263857,42
38.7277476214,-77.2249864643,40
13.7806967976,100.617330557,47
38.9752215429,-76.5009060571,43
44.9363821585,-92.9720159976,48
37.6488788415,-77.5228189463,41
39.9842636244,-75.623522139,54
41.5004114951,-81.5194779951,34
44.8840315171,-93.6074712561,57
39.9638922366,-105.085788978,38
42.0164086561,-88.2098930951,32
37.7993839341,-121.990184329,34
42.071700422,-72.5925278512,50
44.680923245,-93.2153651975,40
37.566535,126.9779692,40
38.0317136,-84.4951359,40
41.7678069925,-88.32277321,34
42.260733155,-83.1867936975,50
47.5333719275,-122.024034805,40
47.2778711375,-122.28641255,40
38.9716689,-95.2352501,40
36.0331164,-86.7827772,39
40.4915610538,-88.9916344846,39
34.2257255,-77.9447102,39
14.5792664462,121.026095774,42
38.7215521289,-75.0792375368,38
40.0998214605,-83.1137481211,32
45.6359375158,-122.657659853,38
38.5826847289,-90.4709756789,20
41.24022435,-73.7283386026,32
42.6367509842,-83.0165073842,38
47.9923914395,-122.197474579,38
33.2412089605,-111.628113642,39
42.5780853763,-83.3094627632,38
41.2365894,-73.0824337324,36
40.6159017838,-75.3640312405,37
42.1882226459,-88.1973627811,31
34.1510783027,-84.5105100378,37
34.0982247811,-117.351073597,20
39.938544673,-74.9062182676,41
40.8610678568,-74.6390714676,31
40.4871556081,-80.2201796162,38
40.2415332432,-75.1287769622,36
40.1722437324,-75.4686677838,23
39.9634992838,-76.7243890865,37
34.2073196,-84.1401926,36
43.5528776833,-79.6275606667,36
-33.4257767528,-70.5699280583,36
45.4404536139,-122.793817006,36
42.4439614,-76.5018807,36
-34.6065559528,-58.3768823,35
40.3819842917,-74.5220818028,24
41.67803415,-86.22715885,36
38.3047222,-122.2988889,36
33.16370295,-96.6495869611,36
39.4130783257,-77.4112472629,35
-0.789275,113.921327,35
33.5074162886,-117.163349577,35
35.6046197229,-82.5550072171,35
-7.79342247429,110.379774009,36
42.4364275229,-71.4075997057,35
28.0394654,-81.9498042,35
33.5778631,-101.8551665,34
30.4175345765,-87.2137938706,34
21.3674480912,-157.996976212,34
47.6587802,-117.4260466,34
42.0887532559,-71.1682112235,28
28.0699868059,-80.6032683471,35
36.7508863941,-119.774213953,34
40.7926362636,-77.8558027758,33
29.2152085424,-81.0254342061,33
28.5391726212,-81.5619962727,32
42.2687549727,-71.4686753303,27
52.3729695424,4.89231146364,33
33.1927204364,-97.1082188091,33
36.1539816,-95.992775,32
3.585242,98.675598,32
42.7012892531,-71.1311424125,38
41.2716788719,-73.8651213031,33
35.8456213,-86.39027,32
39.3599642594,-84.5146565781,28
41.2681168437,-75.9007117281,32
30.69574545,-88.0441739375,32
43.5499749,-96.700327,31
40.0762633613,-74.8482971129,24
29.6195621968,-95.6324551968,31
42.9908817,-71.4607032032,28
44.5043649258,-88.0292971258,31
55.7511477935,37.6203875484,31
42.2616940935,-71.7764935935,36
41.464224571,-72.8591378129,31
41.5831330367,-81.46299672,20
52.5211713367,13.4088430067,30
39.3154850833,-74.5721094533,28
34.2659,-119.258366,30
27.8005828,-97.396381,30
39.02345603,-84.6462126667,31
45.09154616,-93.09603902,22
31.230393,121.473704,30
28.5502780133,-81.7719654,30
41.7143372,-73.9226690448,30
27.8561296103,-82.7739212207,29
40.7004820621,-73.1237335448,25
40.0323583828,-76.3122196414,29
40.424604269,-86.9035443138,29
38.7814904966,-90.5502790207,43
36.2007075793,-86.5663613034,29
34.0050079,-118.8100893,29
35.0449307897,-85.3052956345,29
41.079273,-85.1393513,29
42.6064681276,-71.2886624345,29
40.4409116172,-79.8510834138,26
39.6837226,-75.7496572,29
42.9147277,-87.863240025,28
42.7148939821,-83.24084905,25
38.2827462321,-122.666703189,28
43.0744540821,-70.7676966071,28
38.4407552179,-122.71579155,31
38.8759707,-94.8278741786,28
41.3606283,-72.1054288964,25
43.146052825,-77.4522831786,28
40.8876437393,-72.9936683964,26
40.7296043214,-74.6273100679,28
25.6759534643,-100.308277154,28
40.3536555407,-80.0700682,27
43.0387262593,-76.040306537,27
47.6093313889,-122.672849352,29
41.6639383,-83.555212,29
41.5172008995,-90.541519296,30
34.2694474,-118.781482,40
-22.9035393,-43.2095869,27
38.0499828185,-122.277161222,57
40.9658053923,-72.1753134,26
61.2180556,-149.9002778,26
32.07165125,34.7948201654,23
34.7303688,-86.5861037,26
46.7841373538,-92.1006234462,26
38.7288975192,-90.3781600269,26
33.4863145923,-82.0214742615,26
41.1693510154,-81.4049393,16
40.1671878962,-111.654751742,26
26.6426791923,-81.8729066846,26
37.9746411231,-87.5564344154,26
41.5342460808,-73.9612228769,38
31.5459996769,-97.1511568846,26
38.0293059,-78.4766781,26
42.4431922615,-82.9059534462,24
46.8769326538,-96.7880663846,26
37.2150810462,-93.2980149577,26
-6.247244816,107.147065536,28
41.53899104,-87.496507088,25
42.1292241,-80.085059,25
30.16243782,-95.48266212,25
37.00942474,-76.37833428,26
33.6890603,-78.8866943,25
43.46270192,-80.51880316,25
40.823569284,-81.386091352,25
-37.8159371708,144.966926288,24
41.6603030208,-72.8416464667,26
44.9448650792,-123.034725942,24
36.35583955,-94.1712002833,24
37.4768851167,-122.4463647,24
40.0094619208,-82.827918725,14
33.7763685708,-84.7239864042,17
40.6442264522,-111.501632465,23
39.9148487304,-82.7891789087,23
27.5008842435,-82.574602,23
41.6117461087,-88.2039672739,22
39.3368099174,-84.2879575739,15
37.9470368609,-121.660604704,23
36.0605047609,-94.1607267,23
36.0998596,-80.244216,23
18.4661043478,-66.1059149435,23
35.3736785565,-119.017142396,23
28.6663376391,-81.1970693043,23
43.0288493696,-89.5197847565,21
29.7857853,-95.8243956,23
47.039866987,-122.89691383,23
28.8812186522,-81.2777045304,25
33.7132831348,-116.307472943,27
37.6390972,-120.9968782,23
40.6971149478,-89.5872954261,23
35.4283264261,-80.8456042261,21
45.4025570318,-122.608766614,23
55.6889693182,12.5866113227,22
35.2827524,-120.6596156,22
43.1030376136,-88.4273322909,22
32.9298174773,-96.6210842318,22
30.0799405,-95.4171601,22
42.3442173545,-88.1632761864,22
48.7595529,-122.4882249,22
39.9458125136,-74.1659480864,23
41.6761746091,-91.5563948864,23
47.25225815,-122.440325864,21
40.1261743,-82.9290696,22
45.0287103273,-92.7994877773,23
27.6648274,-81.5157535,22
35.6779995601,-78.8299070146,20
38.5649602429,-89.9406381667,21
34.2163937,-119.0376023,21
32.4614525762,-84.9883311095,21
41.8815400714,-88.2811663667,20
39.3722121,-104.8560902,21
42.8157494095,-73.9383369857,21
38.0097228905,-121.806106743,18
45.2028646381,-93.4172359857,24
33.8333716,-111.9507042,21
39.5872222,-78.8425,21
38.5449065,-121.7405167,21
37.6780561524,-121.765701043,21
45.07959119,-92.983136355,19
42.222038355,-71.589913295,16
39.77453074,-86.39884212,23
39.672045575,-84.11818656,19
42.35399805,-88.055008625,20
40.2663224,-76.67191509,21
42.10207552,-75.92614088,24
30.274402705,-81.39352693,20
42.32009402,-71.56589878,14
42.11530774,-79.289798285,20
30.63725446,-96.34151808,20
40.4166909,-3.7003454,20
39.904214,116.407413,20
33.82524075,-116.537292,20
37.2707022,-76.7074571,20
12.9715987,77.5945627,20
44.0216306,-92.4698992,20
42.02335,-93.625622,20
48.1391265,11.5801863,20
42.7261309,-87.7828523,19
45.5241549579,-122.957436526,17
46.729553,-94.6858998,19
41.4930209895,-71.3117001,18
40.2732005526,-74.3745100421,19
41.2845532947,-72.6172002579,12
39.1910983,-106.8175387,19
33.4150485,-111.5495777,19
40.3885653579,-111.826316458,18
42.2817156684,-89.0863198158,19
28.3321532632,-80.6481124,20
42.3537399842,-72.5782127842,19
20.8842689737,-156.682178358,20
35.6062153158,-77.3667523368,19
35.4128890474,-80.5817332684,19
43.2321651526,-87.9731152684,21
31.9685988,-99.9018131,19
41.387917,2.1699187,19
42.2346766056,-70.8967487944,15
33.3703197,-112.5837766,18
29.5492473833,-95.2018511167,10
39.755543,-105.2210997,18
29.8942639,-81.3132083,18
32.216316,-80.752608,18
41.6287730778,-70.9396211222,20
41.5669117833,-73.0676603389,20
41.9950284389,-91.6633890889,18
25.2644444,55.3116667,18
36.6777372,-121.6555013,18
38.6926288222,-76.8841724222,18
45.7832856,-108.5006904,18
49.2346831111,-122.957817611,17
32.7253248,-114.624397,18
41.0359353,-71.9545146,18
37.5068835556,-77.6422326778,18
43.8926784889,-79.248967,19
41.39572405,-73.0733207222,11
42.5640977889,-83.5362589556,19
40.9240855389,-72.3433968889,18
41.3606863833,-81.6177168056,18
39.3656946222,-76.5009012333,19
35.1538550222,-89.7774300944,19
41.3840355833,-81.4018252944,15
39.0166078412,-94.2669577176,17
39.7817213,-89.6501481,17
43.2079495059,-71.5558818294,17
41.3718703353,-73.6804485824,15
33.4712744,-84.5897830059,10
42.8152873118,-70.8803797824,17
39.5186002,-104.7613633,28
41.5567995294,-87.6183941,12
41.7266667,-93.6041667,17
40.5466132882,-79.9486049941,17
39.629526,-79.9558968,17
42.2411499,-83.6129939,19
40.2320763059,-75.5887638176,17
41.7636570176,-72.2520168118,17
-6.589166,106.792999,17
38.4467702059,-78.8661888882,16
26.8177854529,-80.1196640706,15
42.7919354588,-86.0929984941,17
41.4232424706,-70.5504340412,17
1.46386774375,124.84053035,17
45.4630555437,9.1873592375,16
30.1580937375,-81.7032197,15
30.5189994062,-97.8264350125,16
32.6098566,-85.4807825,16
38.34018375,-75.0893330312,15
34.5400242,-112.4685025,16
35.2214522687,-106.6630143,16
43.204251225,-70.8698156188,16
41.413389125,-82.0216945063,11
39.7284944,-121.8374777,16
41.6374438375,-88.0711372062,20
40.6381324125,-89.4110136625,16
42.712743375,-83.4107480625,16
41.2033216,-77.1945247,16
41.2799211125,-70.1064851875,16
38.916343,-94.383516,16
41.5343553875,-87.894913725,16
37.1921777,-80.41206415,16
40.6891747438,-75.2120639563,16
35.6528323,-97.4780954,16
26.1420358,-81.7948103,16
53.336550875,-6.2602184375,17
41.70616105,-83.6806837563,11
41.4489396,-82.7079605,15
37.2709704,-79.9414266,15
20.6879489,-103.362535333,15
42.0471561467,-70.9824882733,16
28.1786111,-82.3505556,15
43.1180511733,-75.2587764933,15
42.74019422,-78.77847508,14
33.58818686,-84.35996932,17
36.0933423867,-79.4672499267,15
39.5500507,-105.7820674,15
40.5513187933,-74.8582683,15
43.8453279933,-79.4793588,15
41.00527,28.97696,15
43.6719896333,-72.2867556867,15
30.22642314,-92.0347876,15
29.53297498,-95.0903607533,15
41.0698957667,-72.3565648533,12
39.2322625933,-84.3239386467,10
34.1941900067,-119.17825532,15
39.5069974,-84.745231,15
41.9334365133,-88.7461239733,15
38.70153012,-77.06863636,15
28.20854848,-82.70811868,15
44.0247062,-88.5426136,14
40.6743151214,-80.2849845214,14
-12.0736257357,-76.9899889143,14
38.5833230429,-122.8465406,14
-36.8528310714,174.7603621,14
33.4391985,-84.1439239857,14
38.4220694,-77.4083162,15
60.1699624786,24.9375463,14
48.4287061571,-123.368998843,14
43.452879,-79.701648,14
41.3533289857,-79.7599652786,14
40.8098011214,-72.8416699643,16
35.2225668,-97.4394777,14
22.2999184,114.186712407,14
42.5236111,-92.4463889,14
24.5557025,-81.7825914,14
38.9581686,-76.2102288,14
47.5438893357,-121.913544793,7
32.5225326286,-93.7450200143,14
40.2835213692,-75.4186601462,20
41.4730948,-87.0611412,13
32.3668052,-86.2999689,13
40.9617110231,-72.5958433077,13
42.058436,-70.1786374,13
29.9691116,-95.6971686,13
31.1197621846,-97.7430793692,13
26.5628537,-81.9495331,13
-8.4095178,115.188916,13
43.1631660769,-76.1340478692,13
48.20662,16.38282,13
39.6381599692,-74.2306539077,14
35.6869752,-105.937799,13
33.9089282538,-84.8165842769,13
26.2020705462,-98.2257261462,13
40.5424785615,-85.6127407154,13
36.3302284,-119.2920585,13
34.6867846,-118.1541632,13
34.2296102923,-83.8846451615,13
42.8782493308,-71.3344652308,15
41.6603174231,-70.2818262231,14
45.68346,-111.050499,13
45.5344595769,-122.403377323,14
29.6906587308,-95.2068148923,13
41.4082480615,-75.6810774846,10
40.1574632923,-105.112526238,13
38.7426158462,-77.4926599923,13
43.8432615385,-79.0500513,13
43.0831301,-73.7845651,13
33.8392920692,-84.6373258692,13
26.9300367,-80.0910675923,13
33.5762867846,-84.5632209231,13
40.1053196,-85.6802541,13
38.0462166154,-122.153727377,13
59.3327881,18.0644881,13
39.0784239462,-94.4229001846,13
34.483901,-114.3224548,12
41.9772678167,-73.92481135,14
38.4015781,-122.3608105,12
41.4694560833,-72.0801107417,11
39.2542942583,-84.42514995,9
39.4654542583,-74.717620325,11
42.4802238417,-89.0339056,12
40.4065489667,-75.311345525,14
38.3031837,-77.4605399,12
38.4087993,-121.3716178,12
39.1856597,-78.1633341,12
38.8965654,-121.0768901,12
36.0001682667,-75.6543650167,12
38.5051866,-122.4702578,12
43.241217025,-86.2494985917,12
28.149599475,-81.605769675,12
41.2829720917,-81.3934201417,10
29.7059235333,-98.1227162583,12
39.1600148083,-74.696049775,12
38.2269290833,-85.6311223417,14
34.8697395,-111.7609896,12
44.8008117417,-68.7764480333,12
43.62599765,-116.385263217,12
41.1399814,-104.8202462,12
42.5849739667,-87.8217872667,12
40.1780866,-83.04273245,12
32.300148725,-90.182243675,12
38.291859,-122.4580356,12
38.2544472,-104.6091409,12
46.2206903,-119.1250111,12
40.3330310917,-111.734186983,8
39.56417,-119.48056,12
34.934144575,-82.2443493,12
41.2853194,-72.7281189167,12
33.8482102333,-83.9099051667,10
22.3083934,113.923907,12
40.3733674364,-105.076647091,11
40.4172871,-82.907123,11
41.5885363273,-83.6752392364,11
45.5064017909,-73.7517260273,11
43.1904367,-88.1236518,10
28.0291280636,-82.6532198455,11
41.4349352727,-87.3564499727,12
42.0166667,-94.3766667,11
35.2219971,-101.8312969,11
35.5425612182,-80.8307294909,8
41.4418597,-73.2506929909,11
25.4649346545,-80.4778599545,18
47.3963361545,8.54141142727,11
41.9975661818,-71.4704107727,12
42.5404938545,-71.4200141818,6
44.2696289818,-73.9730118545,11
47.9261192,-97.0297727545,11
-5.13902769091,119.437434509,11
25.9017472,-97.4974838,11
40.1933767,-85.3863599,11
33.2098407,-87.5691735,11
44.0581728,-121.3153096,11
39.5699579727,-84.2558485455,12
-2.9911083,104.7567333,11
43.4194699,-83.9508068,11
29.8832749,-97.9413941,11
-27.4628858455,153.019057909,11
41.0883812,-80.6579904727,14
44.5645659,-123.2620435,11
34.4235565636,-119.845820482,11
30.4031059636,-86.5254042636,11
33.362778,-112.168611,11
41.8968202182,12.4770633364,11
42.8919363091,-71.5059120091,11
34.9248667,-81.0250784,11
39.6112842273,-105.974045473,11
44.7630567,-85.6206317,11
25.6797838,-100.4168299,10
35.0526641,-78.8783585,10
39.48122277,-76.29685514,11
39.12186596,-84.36766158,5
41.56558095,-72.65612359,11
44.8755183,-91.9193422,10
41.20233322,-111.98724733,10
41.44292282,-71.48767882,10
41.1833247,-74.85680328,10
21.158964,-86.845937,10
39.6417629,-77.7199932,10
31.2448234,-92.1450245,10
22.8905327,-109.9167371,10
34.6100243,-112.315721,10
43.09516222,-79.03974213,10
38.1074198,-122.5697032,10
47.4984056,19.0407578,10
-6.95,107.4,10
2.97882268,101.66191183,12
26.1003654,-80.3997748,10
39.0558235,-95.6890185,10
42.6521678,-70.82732234,10
-6.97078173,110.42260303,10
33.67146606,-117.31642782,10
44.1635775,-93.9993996,10
40.363099,-74.96981533,10
43.07690684,-86.20533065,10
32.3199396,-106.7636538,10
32.5631924,-97.1416768,10
33.59721736,-83.863135,10
42.96588398,-77.41304796,10
41.04422,-83.6499321,10
28.68675,-81.513276,10
41.16033212,-96.04001564,10
35.5280783,-108.7425843,10
42.0751025,-70.6944824,12
42.5005583,-90.6645718,9
38.3565773,-121.9877444,9
41.5780264778,-73.447221,17
53.543564,-113.490452,9
50.1115118,8.6805059,9
42.979398,-81.246138,9
45.5617823667,-94.1803377333,10
38.8101784444,-90.7223770222,10
43.4252776,-88.1834277,9
39.4816537,-106.0383518,11
43.4799291,-110.7624282,9
42.0534715444,-71.3343028222,13
28.0175021111,-82.3749108111,6
-7.9714651,112.637934956,9
42.8551502556,-88.1829131333,8
47.3188628444,-122.5768265,8
44.0468363889,-79.46997,9
34.5361067,-117.2911565,9
41.3855421222,-71.9790516,9
41.8382998667,-72.4422254111,9
43.6274794,-89.7709579,9
43.685271,-79.759924,9
21.4060802556,-157.772623456,9
36.9147719,-121.753208844,9
42.8778854,-73.7637619889,8
39.3745040889,-84.1828062444,9
20.7633025,-156.463549367,9
31.5557230778,-110.289021489,9
40.0304860889,-84.1998197111,8
44.6555547778,-63.5721431111,9
32.4217483333,-111.189316733,9
37.0057816,-121.5682751,9
35.0790979667,-80.6946059333,10
41.7386291556,-74.0887683333,9
29.9988310667,-95.2431425222,10
37.4137536,-79.1422464,9
49.1569541111,-122.877021444,5
27.2195534667,-80.2440600778,9
36.1191767111,-80.0669573778,9
55.9501755,-3.1875359,9
41.1586111,-95.9341667,9
41.0722894444,-111.990281589,8
43.3487,-79.7903,9
41.2527175778,-74.3525912222,9
21.9285869778,-159.428700133,9
38.5787965,-122.5797054,9
43.243603,-79.889075,9
44.9591352,-89.6301221,9
39.4435066111,-75.7135736556,9
37.9577016,-121.2907796,9
51.5898868556,-0.327831577778,7
37.1305012,-121.6543901,8
42.69060835,-73.8990061125,8
35.937601925,-79.9911504,7
42.5916836,-88.4334301,8
36.7280583,-108.2186856,8
42.4927641,-92.3429631,8
29.1871986,-82.1400923,8
35.858180325,-83.5608972375,7
39.862046175,-88.95652675,8
35.7954212,-78.52332075,8
39.1836082,-96.5716694,8
41.0445324375,-74.495398725,9
38.73227045,-89.96239355,8
39.96750665,-74.32333835,8
26.6653647,-80.2398291,8
35.0168486625,-80.938478375,8
39.586158475,-86.1075555625,8
37.961047275,-91.816692325,8
39.8309293,-77.2310955,8
52.0815457875,5.09924905,8
18.37751815,-65.96363725,8
37.369489325,-77.481235375,8
40.3059999,-121.0057931,8
-30.0277041,-51.2287346,8
4.5980556,-74.0758333,8
31.3445471,-109.5453447,8
35.7595731,-79.0192997,8
38.80386485,-77.6251304,8
40.88991035,-111.884069762,8
38.8840063125,-90.14125415,8
28.61885045,-80.8122065625,8
41.3687674625,-83.6512533875,8
55.621193975,13.0190414125,8
47.9445396,-122.3045815,8
38.3118408,-76.4383974125,7
29.3013479,-94.7976958,8
42.3211522,-85.1797142,8
40.333564875,-75.94791825,8
41.63920945,-93.481050125,8
27.2758333,-80.355,8
39.548935,-89.294533,8
35.907757,127.766922,8
38.246580425,-122.040035725,8
43.7735467,-88.4473720625,8
34.5794343,-118.1164613,8
37.972421625,23.7148525,8
46.2057645,6.141593,8
39.2461138,-94.4191177,8
30.6326942,-97.6772311,8
42.1998741,-70.79299125,8
38.5430743,-90.6327304875,8
43.7479117,-87.731336025,8
29.5427168,-90.3381361,8
0.5333333,101.45,8
32.17999305,34.8320798625,8
30.1765914,-85.8054879,8
29.5571388125,-98.2792135,8
39.276007675,-77.2227609,31
36.8252277,-119.7029194,8
37.4562557,126.7052062,8
32.8795022,-111.7573521,8
38.4192496,-82.445154,8
48.015098,-122.0637425,8
41.6820563,-69.9597376,8
31.3271189,-89.2903392,7
38.3577212429,-75.5867532857,7
13.8729165571,100.514231043,8
37.27528,-107.8800667,7
50.0860238857,14.4242415,7
36.2806863857,-86.7065751571,7
41.1277922857,-75.2831891571,8
39.0638705,-108.5506486,7
1.35046011429,103.966497886,7
42.7961394143,-83.6828857143,7
41.3458874,-74.1416532857,7
49.879913,-119.449625,7
25.0664714857,-77.3373096,7
45.4823072,-73.8613014571,5
38.3540253429,-81.6571479286,8
41.5932195429,-73.8027707429,7
32.3512601,-95.3010624,7
28.5552719,-82.3878709,7
19.0176147,72.8561644,7
28.1977739286,-82.4494012857,6
39.7891544714,-105.496702843,7
43.9552825,-86.4525831,7
38.7070538,-9.1354884,7
35.6145169,-88.8139469,7
42.3147436,-88.4487021,7
35.8422967,-90.704279,7
39.6292788,-75.6582628,7
41.7594136,-86.1065520857,7
35.7706384143,-83.9718882429,7
39.4037147,-76.9502567,7
39.6404613286,-106.5550935,7
53.4807125,-2.2343765,7
50.8436236571,4.36463325714,7
40.8050565,-81.935143,7
33.9424658,-117.2296717,7
38.5285247143,-75.0546251143,7
33.3806716,-84.7996573,7
33.3942655,-104.5230242,7
41.7354861,-111.834388,7
32.6116873714,-83.6454231571,7
39.3262153,-75.1895576,7
32.4487364,-99.7331439,7
33.8811468429,-112.143728386,7
47.1534412571,-122.568652443,7
19.6416667286,-155.969177371,7
44.0169014,-107.9553721,7
37.3058839,-89.5181476,7
32.482361,-96.9944489,7
44.6697805,-74.9813084,7
32.5473596714,-97.3268017714,7
46.8083268,-100.7837392,7
40.2986724,-83.067965,7
33.0185039,-80.1756481,7
39.0482880143,-74.7734188857,6
28.8178483286,-81.6562256571,7
42.245869,-84.4013462,7
43.5978075,-84.7675139,7
44.3148443,-85.6023643,7
39.7265924143,-75.2818529714,22
41.7278767429,-71.1521326714,8
51.964711,7.628496,6
38.8159473,-76.7496909,10
35.7331878,-81.3411974,6
41.2128254833,-80.7935874,5
42.4729969333,-83.74059,6
42.4999942,-96.4003069,6
40.1528719,-76.6027455,7
46.247847,-63.12021,6
39.8009556167,-86.2616163,6
35.1524740833,-78.9883509333,6
42.8752891,-88.29878115,5
28.2489016,-81.2811801,6
47.6262081,-122.5212448,6
52.3475852,4.64948706667,7
41.1383877,-81.8637474,8
35.108493,-77.0441143,6
-26.2043305333,28.0461387667,6
27.9605762667,-97.1031378333,6
38.8026097,-116.419389,6
40.5198656833,-75.5454632,6
43.7161803,-75.4165699,6
34.6980459167,-86.7464008333,6
35.751179,-86.9300023,6
39.8467767,-75.7116032,6
40.7379212333,-75.3236980667,6
46.8716667,-96.895,6
35.7826363,-80.8872959,6
35.2619904167,-81.100956,6
47.35506315,-122.044278183,6
38.5767017,-92.1735164,6
33.0801429,-83.2320991,6
35.9948733333,-78.4979631667,6
50.116168,-122.959423,6
32.7667955,-96.5991593,6
39.48807875,-74.5637326,6
39.2412496333,-120.022274083,6
47.0499507,-88.6148185,6
45.2101162,-123.1987163,6
44.4582983,-93.161604,6
39.6544221,-74.8262745333,19
43.3268070333,-88.3611452667,6
28.635308,77.22496,6
43.7844397,-88.7878678,6
39.4844558833,-84.3961463167,6
49.2798301667,-122.7972155,6
35.1246516167,-120.619522717,6
43.6095170667,-70.3530095167,5
35.0886963,-92.4421011,6
41.3342003833,-75.7733877,5
43.1836046,-89.2137254,6
43.2025219167,-70.6180598333,6
42.8713032,-112.4455344,6
41.7000996,-71.6828443,6
40.5547125333,-74.7494572833,6
34.7071799667,135.50485635,6
34.66262195,-120.447385,6
43.3642840667,-73.6168289667,6
41.9497344667,-70.0259479333,6
37.08472675,-94.5127988333,6
9.9358666,-84.0768333667,6
40.486427,-86.1336033,6
32.9312336,-96.4597089,10
43.3207365,-1.9844209,6
43.7384176,7.4246158,6
42.8689552,-76.9777436,6
15.870032,100.992541,6
34.285558,-118.8820414,6
32.8961755,-109.8275815,6
37.7396513,-121.4252227,6
41.0100049667,-74.7456276333,8
41.1452343333,-74.32542875,9
32.8406946,-83.6324022,6
41.6893580167,-74.7058826333,6
53.5538148,9.9915752,6
37.8058530667,-121.2362384,6
33.69267155,-84.06293825,6
51.2249429,6.7756524,6
34.7698021,-84.9702228,6
47.2371658,-93.5302142,6
38.0495789,-77.3466468,6
59.8230557,22.9692791,6
41.83695975,-69.97923135,4
59.939039,30.315785,6
34.7094209,-76.7123855333,6
39.9852617,-104.8205283,6
43.7666169045,-79.2721401571,6
36.4796839,-121.7324476,6
42.7453066,-83.5743895667,4
17.9981244667,-76.79496625,6
41.4010627833,-82.1564476,6
30.064742,31.249509,6
44.0805434,-103.2310149,6
4.210484,101.975766,6
42.73416,-90.4784621,6
33.2736321167,-86.8177200833,6
44.49005835,11.3573260833,6
20.8777314667,-156.48314815,5
52.6347704,-1.1295191,6
42.0562713,-86.50181605,6
40.6214551,-79.1525349,6
38.93571435,-74.9119778167,6
19.7297222,-155.09,6
37.1289771,-84.0832646,5
44.24744854,-72.5607194,5
51.49705308,-0.5166417,5
39.93295584,-82.01449192,5
-7.5666667,110.8166667,5
42.8336205,-88.7323272,5
42.5159145,-73.6101159,5
35.189443,-114.0530065,5
44.811349,-91.4984941,5
59.6425,-151.5483333,5
41.25135564,-81.23076236,5
46.81221302,-71.31029564,5
48.2325095,-101.2962732,5
39.3292396,-82.1012554,5
41.33909472,-71.84364008,5
33.63249312,-85.8336316,5
26.44448102,-81.95147874,4
37.4315734,-78.6568942,5
34.22986824,-117.17348078,5
42.9288944,-88.8370509,5
42.29275882,-71.92441804,5
39.7701217,-76.7398308,4
42.0416667,-92.9144444,5
30.3960318,-88.8853078,5
28.1833333,-82.5683333,5
8.994269,-79.518792,5
25.03923276,121.5353439,5
39.327962,-120.1832533,5
45.4343363,12.3387844,5
34.5008311,-117.1858759,5
47.9128756,-122.0981848,5
35.17541562,-89.90759612,4
40.78228016,-81.5216205,5
34.9530337,-120.4357191,5
42.93999984,-89.41867524,5
41.3922726,-84.1252243,5
35.1595182,-84.8766115,5
40.32131346,-76.54646706,5
41.3436554,-86.3097278,5
34.2331373,-102.4107493,5
49.886083,-97.152921,5
41.0545292,-76.2332676,5
45.38500942,-84.96266352,5
24.4666667,54.3666667,5
41.0256101,-81.7298519,5
34.7540524,-77.4302414,5
30.6696818,-81.4625919,5
37.0952778,-113.5780556,5
34.6086854,-98.3903305,5
41.32865542,-72.40494338,5
33.34891464,-117.28307018,5
30.0864966,-81.58846968,5
48.4159381,-122.3341028,5
38.6785157,-121.7732971,5
44.09874706,-69.1234855,5
35.57067254,-120.68222186,5
51.924216,4.481776,5
39.2525004,-76.9777818,5
48.53768638,-123.0293206,5
-27.5969039,-48.5494544,5
38.4095298,-82.2945923,5
46.872146,-113.9939982,5
37.02538646,-93.22368364,5
42.78443668,-78.61879832,14
35.1477774,-114.5682983,5
14.0213061,100.61979488,5
40.4233142,-104.7091322,5
35.4448836,-78.4269489,5
30.31847416,-97.96023724,5
46.2830556,-96.0775,5
-5.4365012,105.27926442,5
33.60535,-111.741113,5
43.47176102,-89.74951288,5
42.56008992,-71.7852949,5
43.02795516,-76.31137454,5
31.7607195,-93.0862749,5
34.7391876,-112.0098791,5
10.76916976,106.6855896,5
39.1637984,-119.7674034,5
36.1696079,-75.7551854,5
44.09835092,-70.22788768,5
40.69073972,-76.20508468,5
35.3522724,-97.49620254,5
23.634501,-102.552784,5
43.1363889,-93.38,5
45.6280609,12.374799,5
33.93040144,-98.49601822,5
32.673188,-97.4605759,5
42.45480678,-73.22954868,5
28.03580626,-81.75560732,5
33.732052,-84.9191081,5
31.8456816,-102.3676431,5
40.8088889,-72.6461111,7
32.5920798,-96.7561082,5
40.44647324,-75.90451252,5
34.21403898,-86.17486578,5
43.29128182,-88.16092614,4
31.0982344,-97.342782,5
36.95331898,-76.57369884,5
40.9230569,-98.35484684,5
42.9275277,-83.6299518,5
52.2296756,21.0122287,5
42.7417626,-88.24196954,3
41.66911896,-70.08706082,5
33.9175154,-116.7872399,5
28.93160818,-81.97473874,5
60.6902778,-151.2888889,5
30.08137672,-94.1216567,5
39.1962993,-120.2354465,5
34.4480495,-119.242889,5
34.5034394,-82.6501332,5
41.87711048,-73.80827776,5
29.94421666,-93.92996004,5
42.1861494,-86.308356,5
42.33347532,-73.28644024,5
41.83705908,-72.8411152,6
27.8339158,-97.0610994,5
39.9975414,-85.7466439,5
30.3674198,-89.0928155,5
36.3883809,-86.4466599,5
38.843712,-102.145798,5
38.19549884,-121.29363282,5
46.06152524,-118.35207696,5
33.5801103,-85.0766113,5
32.58902442,-96.91644716,5
32.6082373,-80.0848166,5
36.01718932,-84.28459028,5
50.819522,-0.13642,5
36.53820528,-87.34756224,5
27.43896902,-82.37677414,5
44.27570964,-88.29882826,5
47.00276952,-94.95510244,5
18.430958,-66.484242,5
40.0770913,-76.4611117,5
40.9995386,-75.1812913,5
33.5684599,-83.3623853,5
43.26501476,-2.93708606,5
43.06230396,-85.63586596,5
35.2649814,-116.0744571,5
43.5944677,-83.8888647,5
41.07980852,-75.59202192,6
52.2025441,0.1312368,5
36.0463718,-112.1540586,5
42.85762356,-71.64466764,6
41.57272348,-70.6141225,5
43.1381247,-75.5707345,5
44.5235792,-89.574563,5
35.4495065,-97.3967019,5
1.064227,104.0304535,4
37.413752,-76.5255062,4
38.5733155,-109.5498395,4
51.7101249,-0.345660525,4
41.588132275,-71.2605915,4
39.88422385,-84.15507905,4
41.56391265,-71.50184155,8
34.2438963,-116.9114215,4
18.2200252,-66.0646796,4
33.561488375,-79.033231175,4
35.069588025,-85.0591865,4
37.77363825,-87.1127897,4
29.3791112,-90.2600786,4
43.8013556,-91.2395807,4
43.2708225,-89.722067,4
50.503887,4.469936,4
40.96342,-76.6127329,4
33.4503998,-88.8183872,4
37.2232316,-81.4498717,4
35.6224561,-117.6708966,4
35.7453552,-89.5297973,4
41.9362615,-71.0749816,11
41.9164343,-83.3977101,4
37.3488827,-108.5859265,4
38.7742826,-76.0763305,4
37.24820145,-76.508412575,4
42.15044715,-83.769955625,4
41.57009905,-72.50550455,4
37.7707262,-84.2884949,4
26.95297715,-82.0680056,4
39.6067789,-75.8332718,4
43.5278546,-71.4703509,4
44.263565,-76.50336,4
31.99090275,-110.7170139,4
34.8957957,-117.0172826,4
43.6666296,-92.9746367,4
39.6694635,-76.67673765,3
45.6618798,-110.5624285,4
40.3267407,-78.9219698,4
35.429004,-82.52144055,4
40.7091121,-112.1016088,14
28.011618175,-81.617923825,4
41.106125,-81.6360025,4
43.8230556,-111.7852778,4
43.6769444,-73.8472222,4
47.4736111,-94.8802778,4
31.95861,-83.98861,4
43.6521775,-94.4610832,4
17.385044,78.486671,4
27.8503044,-82.174811,4
35.5296074,-77.07634165,4
43.372858325,-70.510748925,4
-25.4283563,-49.2732515,4
40.1447732,-84.2424449,4
42.9300668,-75.8526915,4
42.8742314,-77.2880382,4
12.879721,121.774017,4
39.3762145,-77.154704,4
42.9947703,-82.40574555,3
48.266645,14.260125,4
40.38895155,-82.463564525,4
38.7134516,-77.7952712,4
26.3017374,-98.1633432,4
38.7627893,-93.7360498,4
43.5249088,5.4541444,4
40.17396,-80.2461714,7
42.86329865,-106.2907188,4
39.5393483,-76.109742675,4
40.9262077,-75.0926762,4
51.754022275,-1.23941885,4
39.6333213,-105.3172146,4
44.0153371,-73.16734,4
31.046051,34.851612,4
43.812146525,-88.00766415,4
40.0041707,-80.7371666,4
36.3134397,-82.3534727,4
52.009507,4.360515,4
51.4553129,-2.5919023,4
19.61751265,-99.2451496,4
44.7132969,-93.4227274,4
46.5323968,-94.31180375,4
29.4870559,-101.1447493,4
42.7891985,-85.5166864,4
33.6172329,-114.5891744,4
41.1419768,-87.8611535,4
44.1735996,-88.2598276,4
29.7791667,-82.4797222,4
43.7166676,-80.1499844,4
32.533489,-117.018204,9
37.4716001,-121.129656,4
39.10676935,-77.6841639,4
35.8809084,-84.5085447,4
42.33561185,-122.90865175,4
40.0278116,-88.5733979,4
29.225517,-98.6877993,4
33.9815369,-81.2362107,4
59.9127263,10.7460924,4
41.11089415,-80.07255855,4
31.9635074,-83.7823938,4
51.05665,3.72,4
45.336605,-93.74656,4
39.6378901,-75.95313875,4
39.5753791,-76.9958149,4
-33.0504619,-71.6164515,4
48.1987118,-122.1251418,4
39.7577778,-94.8363889,4
43.5407172,-116.5634624,4
37.7415949,-121.1243828,4
35.732800275,-83.521206075,4
27.506407,-99.5075421,4
32.5007037,-94.7404891,4
32.3865312,-96.8483311,4
43.6242362,-72.5184275,4
46.5958056,-112.0270306,4
-7.090911,107.668887,4
42.076514875,-76.82323035,4
34.4271121,-77.5460805,4
52.15719635,4.4363964,4
40.8611755,-79.8953328,4
46.976759275,-123.83412505,4
53.801279,-1.548567,4
34.9495672,-81.9320482,4
38.801953,-94.4527294,4
55.378051,-3.435973,4
43.79703645,-70.213573925,4
31.1501564,-81.4429152,4
41.4459271,-74.4229341,4
35.86166,104.195397,4
36.216795,-81.6745517,4
32.7386713,-115.99418,4
42.5939168,-86.1017009,4
34.723324,-82.50239945,4
44.5282971,-93.9077438,4
40.3014581,-79.5389289,4
37.237982575,-77.4070712,5
41.7412166,-70.5989196,4
40.7694969,-83.8227148,4
35.712544,-96.459877,4
42.6190977,-76.17965085,4
39.0283966,-84.2177136,5
30.7235263,-95.5507771,4
40.8665166,-124.0828396,4
39.785043,-85.7694226,4
45.39976,-93.389566,5
48.415802,-89.2673,4
-8.4973881,115.2658424,4
45.3363551,-92.9971631,4
40.0750156,-74.55108815,5
32.314742,-64.76337125,4
34.1355582,-116.0541689,4
41.5140558,-82.9671172,4
35.6178951,-82.3212302,4
-28.0017437,153.4284401,4
18.479014,-69.890784,4
47.248749,-121.6854816,4
32.727907525,-97.6404429,4
42.185752,-79.4292142,4
43.0592294,-77.6122223,4
-0.4373359,117.247496,4
63.0129276,21.6488084,4
32.9573133,-105.7424855,4
42.4861111,-91.4572222,4
40.1250742,-75.886412,4
48.2765903,-116.5532476,4
34.3664951,-89.5192484,4
33.5604168,-81.7195533,4
43.3863521,-95.1483293,4
45.22670785,-93.645593025,4
35.8240265,-80.2533838,4
26.685884025,-80.71912455,4
43.3959056,-72.7006518,4
43.893929,-78.901717,4
42.6072552,-83.9293952,4
39.0098946,-121.4230133,4
33.7475203,-116.9719684,4
36.1156071,-97.0583681,4
31.5785074,-84.155741,4
35.0116363,135.7680294,4
43.4665808,-112.0341374,4
30.2781731,-93.7845348,4
41.57524535,-87.223229825,4
38.9112776,-75.502746125,4
61.3213889,-149.5677777,4
45.7786111,-111.1788889,4
41.7589954,-70.4939163,3
-0.229498,-78.524277,3
41.2147851,-79.3853218,3
43.4463668,-96.8358847,3
41.4219889,-82.3646068,3
34.2308684,-111.3251355,3
41.84,-94.1,3
47.4234599,-120.3103494,3
36.9613356,-120.0607176,3
8.537981,-80.782127,3
51.1133388,-0.1829137,3
41.3113669,-105.5911007,3
36.139678,-120.3601496,3
44.84778,-85.79556,3
38.3468742,-75.1970399667,3
37.176447,-94.3102228,3
34.8028661,-86.9716741,3
-8.581824,116.106832,3
31.0560132,-97.464453,3
32.3643098,-88.703656,3
46.6020711,-120.5058987,3
29.713306,-91.463203,3
40.0581205,-82.4012642,3
35.680573,-109.0525929,3
30.5043583,-90.4611995,3
42.981477,-70.9478343,3
40.7555994333,-86.3851593,3
41.2958751,-86.6250139,3
40.3062736,-121.2319098,3
2.89129446667,101.760588433,4
45.666345,-91.5559979,3
18.3406324333,-64.9184986667,3
43.001143,-84.5591521,3
40.4849769,-106.8317158,3
35.7201463,-79.1772371,3
3.8333333,44.4833333,3
35.4449743,139.639465267,4
36.9147222,-111.4558333,3
42.2290150333,-85.0033356,3
41.885278,-86.589444,3
29.4887496,-98.3891815,1
-23.6683705667,-46.5665314333,3
36.8588376,-120.4560072,3
43.6807402,-114.3636619,3
40.5006586,-75.0726713,3
-7.41041466667,112.752622667,3
36.1034126,-84.1318632,3
44.0478889,-91.6404389,3
35.204571,-75.693222,3
31.7857,35.2007,3
41.5874644,-109.2029043,3
36.0458424,-108.9662046,3
29.966001,-98.09115,3
25.9405556,-81.7147222,3
32.1574351,-82.907123,3
33.7825194,-117.2286478,3
32.3640322667,-97.3657572,3
58.3019444,-134.4197222,3
51.7698113333,19.4554812,3
33.3688155333,-87.020973,3
43.833882,-101.5098658,3
45.2732491,-66.0643113667,3
34.7509526,-82.2728952667,3
42.108428,-72.0786871,3
40.871229,-97.595572,3
41.9708334,-73.4338248667,3
42.5422939,-76.6660589,3
27.6386434,-80.3972736,3
42.1250929,-72.749538,3
33.686566,-112.0995745,3
35.9489566,-85.0269014,3
42.1180915,-8.8495794,3
20.8178898667,-156.3256354,3
38.7289006,-82.5402275,3
44.3835763,-89.8173465,3
36.2139814,-83.2948922,3
36.8524545,-121.4016021,3
40.9779423333,-76.8995185333,3
55.3422222,-131.6461111,3
33.4504157,-82.1981764,7
-26.991072,-48.6352084,3
-3.3959717,114.5850799,3
-34.9305556,138.6205556,3
41.1208668,-88.835352,3
36.2077288,-119.3473379,3
47.045622,8.3086621,3
34.203997,-83.4571057,3
50.9406645,6.9599115,3
50.59787,4.32851,3
37.2722751,-85.8910819,3
44.6621493,-111.1041092,3
51.2940006,-0.754624,3
49.214439,-2.13125,3
45.3735757,-92.8899376,3
40.3245138,-79.7011549,7
42.47417,-98.8087033,3
32.770075,-108.280326,3
29.6890241,-95.005391,3
30.3118769,-95.4560512,3
42.5530753,-87.9334118,3
12.5286597333,-70.0105874333,3
35.650711,-78.4563914,3
30.103661,-97.8377811333,3
40.8733643333,-75.4303389667,3
45.8774469,-92.3674164,3
41.2938889,-92.6444444,3
38.8402805,-97.6114237,3
37.8062945667,-79.4558786667,3
18.3574502,-66.1109998,3
43.6155825,-84.2472116,3
29.8269064,-82.5967832,3
36.4522883,-93.188513,3
34.2828722,-84.7452138,3
49.815273,6.129583,3
49.45052,11.08048,3
30.4249276,-95.4799418,3
44.8613563,-92.6238082,3
20.97,-89.62,3
39.5214373,-85.7769238,3
36.4345934,-77.9119317,3
34.7014839,-83.7315675,3
29.0491426,-82.4609331,3
39.3899254,-3.2101372,3
-22.9063648,-47.0615741,3
33.9135061,-78.3038892,3
38.9806679,-76.3143999,3
50.8513682,5.6909725,3
41.7980750667,-71.9076406,3
27.4716000667,-82.6973812333,3
36.204824,138.252924,3
35.0470617,-82.0901088,3
36.0959715,-79.2669619,3
36.4220207,-94.4535484,3
42.9169462,-89.2178937,3
40.2623152,-75.7781570667,3
-15.7801482,-47.9291698,3
39.2864787,-80.2561981,3
47.6776832,-116.7804664,3
37.7306054,-88.9331256,3
42.2094839,-85.784453,3
31.9829253,-98.0336454,3
39.2014404,-85.9213796,3
46.1878841,-123.8312534,3
-42.8946543,147.3262306,3
39.6444898,-86.8647316,3
42.5065927,-88.2453678333,3
39.4562099,-77.9638869,3
44.2726203,-121.1739212,3
39.1272558,-120.0202964,3
31.134668,-97.00486,3
35.0279534,-117.661040733,3
33.1384479,-95.6010668,3
36.3007835,-119.7829107,3
39.5341789,2.8577105,3
50.6393185333,4.6240374,3
37.7272727,-89.2167501,3
-31.9430187667,115.8569159,3
29.4860708,-95.5079991,3
28.238855,-82.1803818333,3
42.9265583,-73.6645622333,3
40.1723862667,-79.5639281,3
33.7948364,-83.713229,3
36.0471612,-79.8951622,3
34.5037004,-93.0551795,3
37.746801,23.426768,3
39.9508733,-86.261937,3
44.4097069,-103.5090786,3
33.93911,67.709953,3
33.836081,-81.1637245,3
35.3848841,-77.9927651,3
43.7547966,-71.3967392,3
32.7359626,-96.2752569,3
37.4946568,-120.8465941,3
-14.235004,-51.92528,3
42.6112014,-71.574512,3
44.9666667,-78.25,3
39.1591118333,-84.8726525667,3
51.4423493,-0.3067605,3
40.7503729667,-75.6075009667,3
38.9756653,-77.6413817,3
43.0125274,-83.6874562,3
39.896454,-82.4201539,3
43.9747838,-75.9107565,3
42.4426846667,-71.6763653,5
38.7083836667,-78.4317154,3
28.0186323,-82.1128641,3
44.5337469,-78.9006484,3
37.3702934,-102.8596463,3
40.5886699,-83.1285242,3
49.098755,-122.654594,3
41.1417487,-76.8725558,3
36.2946008,-76.2510461,3
-37.701486,144.8738088,3
41.6819935,-85.9766671,3
-26.0936111,28.0063889,3
43.1424531333,-95.1458837333,3
35.1741386667,-79.4561441,3
42.1034075,-76.2621549,3
42.6980749,-87.8945229,3
40.8532704,29.8815203,3
35.9522852,-86.6694413,3
44.0328573,-69.5186585,3
42.4567013,-83.9463358,3
39.0870404,-94.901909,3
46.5198333,6.6335,3
42.6827885,-89.0187222,3
41.2939386,-82.2173786,3
39.1883913,-84.5952231,3
42.3180919,-84.0205029,3
46.4683062,-84.3273137667,3
51.455041,-0.9690884,3
-38.15361,145.18457,3
34.6970504333,-82.8186611333,3
4.570868,-74.297333,3
41.0405556,-96.3725,3
39.7989528,-82.7010016,3
42.1503177,-84.037723,3
41.0061939333,-80.3776026667,3
40.3772059,-105.5216651,3
-34.5057408,-58.4856245667,3
38.2097967,-84.5588311,3
54.306145,-130.310882,3
42.4575281,-72.5979806667,4
42.944695,-91.131478,3
42.4218219,-73.8029930667,3
44.0536805,-71.1284041,3
40.1337829667,-74.2104273333,3
42.5378816,-88.5913637333,3
41.4020382,-74.3243191,3
29.5780056,-98.6897451,3
41.4759224,-75.1821189,3
34.8641446,-118.1634075,3
42.7006303,-74.924321,3
48.0632864,-114.0726134,3
39.8289369,-84.8902382,3
40.3861792,-80.6191481,3
39.6402638,-106.3741955,3
46.393164,-63.790266,3
38.4032948,-90.3828968667,3
40.2364486,-83.3671432,3
53.2737969,-9.0517799,3
40.6087701667,-79.7497708,3
38.7026294,-81.952367,3
32.3363045,-81.3914992,3
46.8190690667,-123.059787867,3
30.5766743,-87.9035118333,3
44.1740739,-69.93356,3
33.6924734667,-117.1423479,3
-38.04554,145.3672877,3
48.6091012,-93.4042064667,3
40.6917271,-81.1812148,3
38.8858407,-94.5330096,3
45.8917738,-123.9615274,3
33.1742847,-87.2336092,3
18.1474625,-65.4448811,3
32.0288218,-81.2748026667,3
48.5126045,-122.6126718,3
52.9399159,-73.5491361,3
39.8208925,-84.0193789,3
28.1523661333,-81.4704743333,3
36.4827444667,-94.2931504,3
43.9188761667,-69.9688465,3
-2.22449743333,-79.8957787,3
33.0417111,-116.868082,3
20.593684,78.96288,3
47.7423218,-121.9856781,3
33.5756831,-83.1823789,3
45.7809491,-122.5334307,3
39.1989653,-81.4601209,3
35.2494566,-112.1910031,3
-33.9089861786,18.4117186386,3
21.0230348333,105.8436215,3
43.2505472,-89.5015088,3
29.802123,-85.29404,3
51.253775,-85.3232139,3
36.0612644667,-87.3376035,3
41.8899256,-88.4511819333,3
36.9903199,-86.4436018,3
35.8306334,-96.391118,3
42.3010599333,-85.4026854,3
48.2592991667,-112.817595033,3
52.6092377,-2.1135291,3
41.7075394,-86.8950297,3
32.4284761,-90.1323087,3
35.6753657,-83.7557281,3
34.6123322,-82.5402275,3
47.7510741,-120.7401386,3
29.5849736,-81.2078411,3
34.7575227,-112.4537809,3
42.8868014667,-77.7321322,3
46.0130065,-91.4846208,3
30.5782446,-98.2728003,3
36.708006,-119.5559652,3
21.6802778,-157.9511111,3
47.5002354,-111.3008083,3
43.1947211,-88.7289918,3
35.3859242,-94.3985475,3
39.5584218,-79.3528174,3
43.6775677,-72.7798247,3
12.1363889,-86.2513889,3
44.475066,-72.702251,3
35.8275672,-86.0716565,3
45.2846507,-111.368292,3
39.1501709,-123.2077831,3
46.8801654,-117.3643495,3
41.4682714,-88.2307111,3
37.267916,-76.0174336,3
38.1557502,-121.6913439,3
30.8327022,-83.2784851,3
29.0891857,-110.9613299,3
35.9785911,-114.8324851,2
34.096496,-83.7612839,2
39.6270376,-78.2272299,2
47.8553772,-121.9709579,2
19.0412967,-98.2061996,2
39.3826031,-77.2694278,2
35.747153,139.88575985,2
45.8344451,-103.3765724,2
-4.5585849,105.4068079,2
21.54341115,39.1728834,2
45.4194099,-94.0488721,2
43.387342,-80.321323,2
52.1357092,-0.4680442,2
26.16493595,-98.0213933,2
20.6220182,-105.2284566,2
40.9133943,-77.7783348,2
-7.343382,110.5036695,2
41.018139,-75.9949252,2
-24.143474,-10.030696,2
34.9889818,-90.0125913,2
44.5202794,-85.9439718,2
40.6955572,-105.5943388,2
18.220833,-66.590149,2
41.6414438,-80.1514484,2
41.981532,-81.2518833,2
32.9748469,-97.3477957,2
35.6072668,140.1062907,2
36.0317472,-84.0279677,2
30.27075075,-90.9460719,2
26.1616033,-97.6636016,2
17.089172,-61.8209925,2
33.0848442,-97.2961286,3
34.9704419,-78.9453056,2
40.6247222,-96.9591667,2
38.57817645,-76.59870835,2
30.869167,-91.133889,2
39.900076,-79.7164326,2
37.8655408,-85.9561519,2
36.162839,-85.5016423,2
41.2650318,-88.2122823,2
34.521104,-117.9836793,2
19.1817393,-88.4791376,2
38.56102935,-77.0885509,2
46.2962127,7.0559553,2
18.4771169,-66.6652785,2
38.6772648,-121.03466565,2
35.9670412,-83.1876578,2
40.7353371,-80.9564776,2
43.2224249,-77.23456705,2
28.6683252,-97.3883265,2
-6.0169825,106.040506,2
36.2081098,-86.2911024,2
37.648546,-118.972079,2
43.4261809,-73.7123408,2
39.4236364,-79.4272987,2
42.9722455,-85.9536535,3
42.0978027,-88.5303643,4
35.6865889,-85.7801453,2
44.3812,-79.686998,2
37.7030646,-85.8649408,2
30.3582506,-90.0656311,2
44.3113573,-96.7983877,2
31.9575818,-110.955646,2
38.11021855,-120.50084805,2
29.8849441,-97.6699996,2
47.2150945,-123.1007066,2
30.2943681,-87.5735935,2
49.94807,36.212298,2
39.4667034,-87.4139092,2
36.3504119,127.3845475,2
41.5933696,-87.3464271,2
38.41885,27.12872,2
43.2472768,-79.0500466,2
49.446359,7.555725,2
20.0181211,100.4874165,2
29.7957633,-90.822871,2
43.591382,-88.443713,2
44.9581644,-124.0178914,2
37.9883991,-85.7157924,2
28.9169245,-82.4581536,2
37.2414712,-77.8138553,2
42.9545179,-74.3765241,2
30.593087,114.305357,2
38.732745,-93.55464,2
43.5391527,-89.0067778,2
36.6103334,-88.314761,2
41.6105937,-87.0641992,2
38.0380899,-92.7115732,2
45.8455083,-91.5404467,2
42.6889235,-84.2830245,2
37.07123795,-119.4812421,2
44.9166667,-79.3666667,2
-7.56582295,112.24727435,2
43.9461707,-76.1190929,2
34.502628,-117.838646,2
42.1261367,-89.5792801,2
21.8002154,-72.20567555,2
43.6978427,-73.9859658,2
37.8361538,-87.5900134,2
43.0208924,-78.4953015,2
41.7372658,-81.2598243,9
48.7771056,9.1807688,2
40.08336995,-87.63432645,2
44.75,-78.1,2
32.3909071,-110.966488,2
39.9167511,-78.3839036,2
41.003698,-76.4549457,2
41.8780025,-93.097702,2
52.2583199,-1.1604329,2
38.4075666,-85.3788468,2
41.649303,-70.482185,2
33.6356618,-96.6088805,2
39.4278253,-86.4283279,2
29.31166,47.481766,2
34.1650972,-84.7999382,2
49.37542635,8.684854,2
27.5875357,-82.4250941,2
-6.4058172,106.0640179,2
34.6779399,-76.9507762,2
38.3231807,-76.539539,2
53.9458405,-1.0463398,2
33.9017738,-88.1344776,2
30.5996319,-98.4100274,2
48.1510655,17.08262365,2
34.9979453,-78.3233325,2
45.0787251,-123.4859417,2
32.3462,34.8615,2
47.5962326,-120.6614765,2
34.6976564,-79.8833971,2
47.497499,-101.3712709,2
31.907463,-95.7721204,2
44.73518075,-73.4724963,2
26.44618335,-82.0669128,2
41.2666667,69.2166667,2
32.3526456,-90.877882,2
36.4657213,-6.1966259,2
44.204279,-77.378742,2
51.6427617,-0.16378795,2
40.61075875,-80.6131278,2
29.3376969,48.0045473,2
41.5959226,-88.44384155,2
45.0616794,-83.4327528,2
38.3757179,-77.7810527,2
28.9888754,-80.9022758,4
46.6891307,-122.95915735,2
41.0266667,-92.8052778,2
42.0759128,-75.640462,2
42.60989695,-84.4794195,2
38.077316,23.821918,2
35.1592256,-98.4422802,2
50.255069,-119.292145,2
51.21956795,4.3995659,2
41.2619444,-95.8608333,2
38.72922535,-76.62512035,2
55.7304274,37.5050632,2
45.1753502,-78.7889122,2
30.8940431,-102.8793222,2
34.4212052,-84.1190804,2
34.4165505,-79.3711579,2
33.3408333,-118.3277778,2
22.572646,88.363895,2
-7.1617805,112.6514245,2
28.7161111,-81.7744444,2
30.1588129,-85.6602058,2
26.339806,-81.7786972,2
35.3340108,-81.8651028,2
34.0026005,-85.0416133,2
-0.3055655,100.3796685,2
44.309479,-94.467789,2
40.7892204,-83.6432638,2
38.6901134,-75.3854728,2
44.759955,-63.691725,2
42.842256,-84.5691487,2
39.321327,-78.293724,2
41.2844933,-84.3557802,2
41.2411897,-77.0010786,2
52.156651,5.388438,2
52.1433505,-10.2686507,2
34.3687021,-84.9341093,2
40.816453,-79.5219893,2
45.787441,24.143259,2
47.6732281,-117.2393748,2
36.88408,-89.56313515,2
43.539102,-80.247622,2
52.13437,-106.647656,2
53.7266683,-127.6476206,2
43.971739,-70.6092258,2
39.3209801,-111.0937311,2
42.2703653,-73.5942845,2
30.6357481,-89.1350449,2
1.665742,101.447601,2
42.4528571,-75.0637746,2
39.9356016,-91.4098726,2
42.0314456,-80.2553407,2
34.6856555,-82.9532036,2
37.8017879,-80.4456303,2
53.5233333,-113.3088889,2
35.9686386,-78.0014507,2
42.6418783,18.1064811,2
21.8817964,-102.2912701,2
-19.8157306,-43.9542226,2
48.068611,-122.290556,2
44.322418,-93.975304,2
42.2966861,-89.6212271,2
39.011902,-98.4842465,2
39.603174,-74.340145,2
44.463341,-110.830299,2
42.72278,-75.12583,2
34.4263886,-117.3008784,2
40.1083912,-83.7524298,2
40.2683344,-94.0282861,2
41.424473,-91.0432051,2
39.3331197,-82.9824019,2
42.8509152,-72.5578678,2
45.302477,-71.872844,2
43.9240105,-78.649032,2
29.5821811,-95.7607832,2
32.977839,-111.517624,2
35.5174913,-86.5804473,2
44.94,26.03,2
45.737465,-94.9525216,2
44.5661111,-92.5369444,2
38.149576,-79.0716958,2
29.9919085,-81.6781467,2
34.1500162,-114.2891177,2
-6.41330835,106.91939675,2
40.9625467,-85.3733078,2
40.742551,-84.1052256,2
51.34887375,-0.15289535,2
33.95719685,-83.5655815,2
43.37822,-64.9405185,2
47.4038683,-97.0620308,2
14.9360838,-88.864698,2
33.7217833,-94.3968704,2
38.3914418,-86.9311094,2
41.9228665,-74.8705785,2
-0.2787808,111.4752851,2
26.438136,-81.8067523,2
32.8951262,-97.5458565,2
37.2577171,-120.9988154,2
39.4300996,-77.8041609,2
43.2032618,-96.2992211,2
42.6727927,-88.5445447,2
40.699959,-99.083107,2
28.810823,-81.8778582,2
22.0783333,-159.3219444,2
45.814912,15.9785145,2
40.1483768,-89.3648183,2
40.3083672,-88.1558785,2
28.4972201,-82.56032735,2
-20.3221861,-40.3380886,2
43.9632962,-91.2562539,2
35.0475869,-92.7940557,2
47.1301417,-119.2780771,2
41.4925374,-99.9018131,2
29.4749754,-81.1270035,2
30.7689907,-86.9824288,2
30.7621326,-86.5705084,2
38.22257,-85.3552349,2
41.093429,-75.0018401,2
42.01911955,-74.11153055,2
41.1980556,-87.1991667,2
45.2653977,-122.76481645,2
34.9245935,-80.7434019,2
35.616349,-119.6942941,2
36.873333,-86.353056,2
45.5198364,-123.1106631,2
31.4229124,-103.4932293,2
43.3580686,-93.3388917,2
40.376322,116.842992,2
43.369141,-80.98126,2
38.706667,-122.903333,2
37.3281005,-87.4988882,2
39.6203259,-90.0440001,2
30.0971621,-95.6160549,2
50.7093747,6.3613671,2
36.1867442,-94.1288141,2
36.44004,25.4035205,2
42.3472958,-76.8452351,2
37.38756335,-79.8643884,2
34.399463,-110.526884,2
34.502587,-84.9510542,2
18.6427592,-68.3726813,2
43.0791178,-82.48847665,2
32.4582065,-83.7315723,2
34.7803619,-84.3907565,2
38.4619293,-76.7609382,2
34.033625,-117.0430865,2
60.20535715,24.65498265,2
28.2963737,-82.36688365,2
48.2931559,-122.6432245,2
43.0434039,-74.8595957,2
5.2632341,100.4846227,2
36.548434,-82.5618186,2
39.353471,-94.921326,2
41.5666215,-74.2104259,2
36.5698116,-119.41873425,2
44.712194,-93.633908,2
52.7519612,0.3953571,2
34.8639719,-84.324087,2
47.9543375,-117.476891,2
35.6560653,-117.8428461,2
43.6631787,-96.8350999,2
46.2325063,-103.6554735,2
33.0314508,-111.3873431,2
43.1904709,-112.3449773,2
30.1073554,31.3884671,2
38.5417282,-85.7677438,2
19.7387089,-156.0433823,2
27.495592,-81.440907,2
40.60423235,-79.5897673,2
30.2460361,-87.7008193,2
38.94782445,-119.96212555,2
37.2934681,-80.0547626,2
10.4824955,-66.89086475,2
43.2320427,-89.34362935,2
42.7120249,-73.2037177,2
37.81724,-96.8622524,2
42.158427,-72.3286928,2
19.8986819,-155.6658568,2
7.8897433,98.3851652,2
25.280282,51.522476,2
39.0595886,-76.4100267,2
28.66010075,-106.0957341,2
27.0997775,-82.4542632,2
41.7180421,-94.9324868,2
29.7438332,-98.4530729,2
35.91537,-94.969956,2
24.1501874,120.6429991,2
35.1146152,-75.9810097,2
46.3237423,-120.0086538,2
40.5865396,-122.3916754,2
39.6952629,3.0175712,2
39.427337,-75.2340768,2
38.7875094,-94.2693911,2
42.7852922,-88.405096,2
30.2768676,-98.4119677,2
39.755927,-77.5777692,2
27.4467056,-80.3256056,2
48.685666,9.015253,2
37.0838367,-122.13635465,2
44.5572744,-72.6237275,2
36.2775665,-85.1049597,2
-35.4721298,-69.5808716,2
46.8796822,-110.3625658,2
34.5325938,-83.98491,2
37.9444882,-87.4052865,2
45.44788055,-123.9569345,2
42.3230095,-83.86792835,2
34.1170537,-83.5723876,2
34.9159099,-85.1091173,2
41.08917,-122.70778,2
41.1734169,-76.2935477,2
45.82306125,-84.7274873,2
45.1857782,-109.2468211,2
40.10593105,-76.0589758,2
52.6638571,-8.6267726,2
37.0833893,-88.6000478,2
39.6048253,-76.8499774,5
33.3614631,-118.4396756,2
42.58869655,-72.64397915,2
52.8051429,-2.1163466,2
33.8160058,-78.680016,2
38.5018575,-122.9961102,2
30.3960324,-86.2288322,2
48.1796277,-117.0432583,2
39.2638762,-103.6921737,2
47.8054749,-92.2746054,2
41.7614181,-88.443686,2
44.437711,26.097367,2
43.2976116,5.3810421,2
-23.29273,-51.1732073,2
-0.95373,100.351997,2
45.88386545,-89.7049348,2
43.8338831,-87.8200887,2
39.765869,64.422348,2
36.0070171,-89.6575787,2
28.0048899,-106.1941991,2
26.22389845,50.57696155,2
64.123184,-21.900451,2
38.38622485,-78.77743905,2
32.3182314,-86.902298,2
34.4901665,-77.43163,2
18.9340199,-99.2314826,2
43.551876,10.3080108,2
58.6393738,14.2720203,2
30.026667,-95.844167,2
42.1945758,-122.7094767,2
44.3378552,-68.961422,2
33.6825587,-115.4733554,2
35.6020667,-106.7234639,2
13.060422,80.249583,2
31.3378709,-92.3654861,2
35.2813412,139.6722005,2
48.0400945,-122.406257,2
51.4109723,-0.8349256,2
40.5733077,-3.67717445,2
36.1223683,-78.6861145,2
35.18050665,-90.19051115,2
52.111914,5.266237,2
43.1009037,-74.772927,2
52.355759,6.663058,2
9.6583333,-82.7527778,2
38.2769149,-112.6410518,2
39.8814519,-83.0929644,2
36.7282054,-76.5835621,2
30.273978,120.155361,2
40.6578242,-84.9519115,2
36.6436731,-93.2185144,2
33.376834,-79.2944964,2
40.7989735,-76.8621935,2
39.458681,-82.2318156,2
39.1146959,-75.50020045,2
44.36324635,-74.1448773,2
64.8377778,-147.7163889,2
35.2531698,-82.1970584,2
37.0582786,-120.8499151,2
42.243097,-84.7530304,2
44.3112312,-124.1048418,2
31.8559384,-106.6391577,2
-7.3333333,108.2,2
45.0275126,-84.6747523,2
43.4553461,-76.5104973,2
44.0682019,-114.7420408,2
32.9810059,-80.0325867,2
36.3295905,-78.3991638,2
44.2949636,-93.268827,2
34.9727305,-105.0323635,2
44.3875794,-68.2039016,2
45.143731,-122.8553725,2
28.3647248,-82.1959178,2
27.7730836,-82.4075935,2
39.1098153,-80.4067566,2
34.4726276,-81.8806562,2
23.4238221,85.4395723,2
18.36956035,-65.67147055,2
35.2923513,-81.5356463,2
30.3157527,-89.2475429,2
36.4242303,-89.0570096,2
40.2931336,-78.0269473,2
40.5394389,-120.7120023,2
31.297703,-82.8523668,2
33.06609445,-97.51863445,2
36.7281154,-91.8523711,2
-36.8148146,-73.0292574,2
40.4437018,-76.4282933,2
28.8391667,-82.3402778,2
46.9965144,-120.5478474,2
44.9802822,-85.2111728,2
56.1998772,10.1660237,2
41.87793295,-75.3345106,2
48.3654574,10.8947684,2
-3.1071923,-60.0261267,2
-37.7887285,145.123583,2
43.5,-79.9166667,2
44.2098011,-69.0647593,2
30.0929879,-93.7365549,2
39.7195054,-83.2651926,2
33.8173224,-98.1953221,2
42.4639722,-73.3964977,2
39.0019867,-87.9089204,2
31.3151708,-85.8552161,2
46.4513889,-92.7666667,2
10.659567,-61.478912,2
56.130366,-106.346771,2
42.6781266,-75.4985123,2
50.041554,-110.677607,2
43.7913679,-89.3198414,2
43.1535728,-93.2010367,2
29.56301,106.551557,2
35.5084935,-78.3394455,2
35.1795543,129.0756416,2
46.1132832,-89.6445947,2
41.9475551,-80.5542409,2
46.649779,-70.800333,2
32.2686981,-107.7586404,2
37.894842,-77.4589095,2
37.1511655,-88.7319979,2
41.7910697,-107.2386627,2
45.404826,-71.892876,2
44.0429417,-116.9251586,2
43.2128473,-75.4557303,2
41.8866072,-70.91146185,2
31.3787916,-95.3213317,2
41.579074,-81.208531,2
40.4728332,-3.8723044,2
42.6550248,-86.2019825,2
24.7137524,-81.0903512,2
37.7832614,-121.5427262,2
41.1450617,-78.8044748,2
28.9444142,-95.2888257,2
45.6525,-95.4613889,2
40.8777429,14.2603453,2
38.0394687,14.0220595,2
40.5066667,-111.4122222,2
43.6485683,-93.3624319,2
41.0455556,-95.7425,2
40.9082504,-81.6140126,2
41.93109985,-71.94102925,2
34.86259255,-83.41696655,2
37.0330607,-88.7108964,2
43.5091121,-70.4101891,2
46.0514263,14.5059655,2
-6.1362398,106.140126,2
32.4487876,-81.7831674,2
78.21859,15.64875,2
42.4400576,-79.3317105,2
13.08961855,100.93978675,2
-7.4350085,109.2336635,2
39.2190608,-121.0610606,2
41.4619986,-81.0737079,2
29.4832863,-94.9221465,2
30.57491875,-92.069286,2
35.3268226,-79.255303,2
34.60470855,-120.1651493,2
37.76289295,-81.165238,2
46.7312745,-117.1796158,2
32.7092955,-96.0083018,1
38.8697146,-106.9878231,1
37.2751533,-78.2913839,1
36.086187,-93.7413032,1
40.3409251,-76.4113497,1
43.8600635,-76.0054785,1
5.115146,101.8891721,1
43.959312,-78.167776,1
51.077944,4.425129,1
42.0273147,-73.3292834,1
45.3531842,-119.5577997,1
39.7774673,-74.7350726,1
38.0908796,-88.1586488,1
-8.54504,115.11996,1
43.6575747,-71.500352,1
34.8172987,-97.4058604,1
38.087608,-81.445458,1
41.2736647,-82.8415763,1
34.2362054,-96.6786131,1
39.233665,-84.999268,1
40.4592076,-90.6717971,1
41.2381,-85.8530469,1
50.4547222,-104.6066667,1
50.3703805,-4.142653,1
-22.558904,17.082481,1
59.6450443,17.9297017,1
45.1777778,-93.8722222,1
37.667206,-121.324036,1
1.0833333,104.4833333,1
44.4157307,12.1965711,1
46.1381676,-122.9381672,1
48.108077,15.8049558,1
30.476351,-98.155319,1
33.1676189,-87.3911131,1
36.098007,-119.5604015,1
6.235925,-75.575137,1
40.2445452,-3.6960129,1
36.1275673,-88.9858988,1
35.0241873,-110.6973571,1
30.2275,-85.025,1
41.7850937,-73.6940175,1
41.2082089,-122.2719529,1
44.2385954,-103.7988107,1
39.3372722,-85.483581,1
45.70306,-97.78556,1
38.9412959,-119.7496216,1
42.2925037,-82.7056262,1
38.685614,-85.7702451,1
42.6903566,-73.5645597,1
49.9137288,14.2344076,1
-6.37405,107.45758,1
50.4809563,17.335461,1
43.477496,-80.764498,1
37.6518867,-77.7226826,1
15.0257452,102.8382687,1
43.9152778,-80.1086111,1
43.2881161,-77.7933423,1
39.7714252,-88.8742405,1
37.5455735,-97.2689331,1
30.6301452,-84.2278796,1
27.1961627,-82.4903748,1
35.6506145,139.5406936,1
32.8350521,-116.7664109,1
26.1118401,-97.1681257,1
44.5069113,-92.905484,1
43.4384107,-1.5922216,1
21.28,-89.67,1
-0.881142,131.249603,1
46.5573993,15.645982,1
33.3023411,-84.5538165,1
32.9751204,-96.3324817,1
41.1238873,-100.7654232,1
44.099992,-77.577412,1
60.4877778,-151.0583332,1
36.6859829,-77.5424809,1
34.6182199,-79.0086424,1
-27.0967814,-52.6186069,1
42.789581,-96.169746,1
38.1839705,-83.4326841,1
35.7766076,140.3187806,1
44.239491,-76.0857759,1
48.259395,11.434309,1
40.8042238,-82.195712,1
32.795,-84.809722,1
39.233627,-84.159592,1
9.022736,38.746799,1
34.442162,-116.948997,1
40.47222,-78.83361,1
43.152667,-80.171591,1
45.5568048,8.9462482,1
-33.7672408,150.6218176,1
39.9613759,-105.5108312,1
34.4359361,-83.106818,1
47.5909206,-53.7987374,1
10.256591,-67.956657,1
41.0706042,-85.0144124,1
33.1795213,-96.4929797,1
12.492948,99.6786894,1
35.3584743,-79.8944901,1
34.3740431,-80.0734005,1
35.7981025,-97.6786573,1
41.3556129,2.0704325,1
45.326544,-79.216819,1
33.2183701,-117.0341967,1
36.933433,-82.6290459,1
44.5470106,-69.6211563,1
-21.7882681,-46.562515,1
34.014264,-86.0066386,1
39.1697626,-91.8829484,1
35.878937,-97.4253185,1
-7.6919763,110.6127996,1
32.2040437,-95.3485635,1
41.675328,-85.7061011,1
53.377276,-2.116307,1
43.7508332,-111.5583742,1
34.806166,-106.7333599,1
43.2377477,6.0715383,1
45.4839,-84.5953158,1
40.4597938,-78.5916837,1
32.2048735,-95.8555207,1
42.224867,-121.7816704,1
18.7964642,98.6600586,1
44.5536746,-70.550899,1
61.6247222,-149.6011111,1
-7.0,113.3333333,1
43.0630833,-83.8510732,1
-23.8955601,-46.4256329,1
-29.556591,30.411405,1
44.2910915,-105.5022205,1
42.5272719,-96.5196421,1
57.1474915,-2.095397,1
42.433753,-92.924421,1
44.4009135,-67.9750023,1
35.2470321,-89.9956447,1
-8.1844859,113.6680747,1
42.4030865,-86.2736407,1
37.0517194,-89.0467345,1
-22.8577372,-47.220259,1
32.6279113,-96.4558196,1
10.6666667,122.95,1
45.0694444,-93.9125,1
39.944784,-83.2688045,1
39.3142682,-77.6277679,1
42.688074,-88.0514731,1
44.5149879,-88.3303798,1
50.909373,4.2005478,1
39.2154583,9.1092282,1
43.0256259,-74.9859889,1
4.0169386,98.2848664,1
39.2939393,-9.1631877,1
30.1827159,-96.936371,1
34.8301347,135.417278,1
39.4840108,-0.7532809,1
40.9649681,-5.6630253,1
41.0855649,0.9616579,1
42.077565,-78.4297419,1
41.8317624,-73.2251145,1
47.28992,12.71839,1
34.1493374,-78.0936046,1
41.4936253,-98.9245343,1
40.3339589,-79.2997573,1
38.788405,-76.222227,1
39.9375911,-77.6611022,1
26.0395222,-97.5563763,1
-8.242624,-35.7851974,1
39.5505376,-107.3247762,1
39.9242266,-83.8088171,1
30.175833,-84.375278,1
34.1423235,-87.9886438,1
43.1833333,-79.2333333,1
40.3820132,-80.3928423,1
33.7400209,-116.7189075,1
-8.168526,112.61706,1
52.9792384,-6.0422517,1
26.4186898,-81.4172993,1
0.1429273,109.2573812,1
40.8936647,-83.6502092,1
36.5817089,-86.5163833,1
45.2032017,-123.8873848,1
44.3773386,-121.6536619,1
41.322316,-74.8023882,1
39.8567775,-4.0244759,1
50.6087936,-2.4541462,1
30.658601,104.064856,1
26.9620053,-82.3525952,1
34.6722773,-80.7200838,1
42.6159285,-70.6619888,1
-11.0619444,-75.335,1
27.8964147,-81.8431374,1
-7.6145292,110.7122465,1
56.819817,-5.105218,1
35.5962702,-78.1241591,1
28.7091433,-100.4995214,1
47.05,7.6166667,1
37.933179,-75.3788086,1
-41.2924945,174.7732353,1
12.9275,100.8752778,1
43.6980782,-85.4836557,1
41.1370133,-77.4469263,1
37.611536,-77.8163845,1
0.734338,124.3089126,1
49.01806,-123.081719,1
39.4383387,-94.2041096,1
38.891565,-121.2930079,1
35.1241907,-109.5381655,1
42.5554593,1.5332978,1
39.6469295,-106.9517109,1
-23.5247535,-46.1871339,1
42.8352835,-89.0676125,1
44.8955578,-85.4164605,1
43.045429,-79.285456,1
39.8864493,-83.4482529,1
41.168321,-71.560322,1
44.5403436,-69.7219916,1
47.5877815,-3.0281602,1
31.3382406,-94.729097,1
8.1191811,99.1013498,1
32.5187487,-96.3808167,1
35.7688425,-119.2470536,1
38.6183445,-94.5052305,1
15.4533333,101.0672222,1
48.141,16.4771,1
45.884258,-95.373978,1
5.546182,95.319054,1
50.9519552,3.1409008,1
39.8523159,3.1220273,1
34.3157241,-78.2247211,1
52.3860598,-2.2468958,1
43.0281329,-73.3812231,1
45.5011454,9.2916939,1
36.77778,-121.715,1
44.1245015,-73.1537309,1
41.2411668,-81.5526176,1
37.9774712,-0.6832271,1
-34.4938049,-58.6272715,1
30.7999563,-81.6898261,1
36.2343698,-5.3193375,1
38.1584227,-75.4344727,1
50.904966,-1.403234,1
38.605604,-89.6820368,1
35.30004,-106.5511369,1
32.9786566,-115.530267,1
39.1994923,-89.5339783,1
38.7430645,-94.8255166,1
49.5147432,7.8542782,1
56.9465363,24.1048503,1
56.0312204,14.1549156,1
38.4589432,-90.5365126,1
44.3878547,-68.7997522,1
38.629139,-75.871027,1
37.5588815,23.215624,1
40.9478158,-90.3712395,1
51.0146532,-3.1034462,1
44.151902,-79.868329,1
35.9773805,139.5932055,1
35.483406,-86.4602717,1
39.6535988,-105.1910996,1
47.533229,19.189808,1
41.9257275,-72.9814877,1
20.8650351,-105.4390862,1
32.9531564,-80.8425495,1
30.5693593,-91.09694,1
32.4640245,-86.4596966,1
33.1384488,-96.1108066,1
51.9940875,-0.7345023,1
40.3209984,9.3303647,1
63.9126321,-22.1916474,1
41.4830723,-91.7060015,1
44.8994088,-97.1150732,1
45.954364,-66.645619,1
30.3882613,-95.6963355,1
47.0227111,-91.6707322,1
30.2265949,-93.2173758,1
43.6738995,12.9697052,1
5.555717,-0.196306,1
41.3014415,-83.4735393,1
36.9289502,-93.9277071,1
26.9102778,-101.4222222,1
15.9441104,120.4357631,1
33.8943393,-78.426672,1
45.4646985,-98.4864829,1
19.8336111,-155.1072222,1
42.5459227,-71.9106308,1
-38.3610208,144.8900548,1
47.561485,-52.712675,1
38.9265035,-119.6499162,1
36.22972,-116.76611,1
43.5208302,-88.2289851,1
53.0265029,-2.176636,1
4.15,-73.6333333,1
41.7003231,-86.509462,1
40.4311796,-79.260869,1
42.9205842,-83.0449347,1
26.9177322,-80.7657804,1
51.5741517,0.1838708,1
44.2270075,-71.7478646,1
40.0483744,-86.4691677,1
38.0528884,-81.1039911,1
39.8925466,-85.0416304,1
46.35722,-94.19444,1
23.0058966,120.182022,1
42.8522506,-83.4430002,1
37.0359837,-77.0952433,1
39.5695059,2.649966,1
43.7638476,-93.3290985,1
-34.8833333,-56.1666667,1
42.8179906,-1.644215,1
44.6319369,-88.0392708,1
32.8339546,-109.70758,1
36.9033581,-104.4391532,1
36.1003358,-86.1319341,1
43.7757967,-92.3387786,1
43.0678569,-72.4586995,1
38.2554729,-120.3510307,1
35.0875,-106.3772222,1
34.2284312,-92.0031955,1
-3.7183943,-38.5433948,1
55.8656274,-4.2572227,1
41.530461,-93.955683,5
41.7673105,-75.0562785,1
53.3830548,-1.4647953,1
41.8731532,-72.1214653,1
57.5788751,-152.2318614,1
41.539371,-96.138313,1
33.9371122,-79.1342069,1
-7.481253,110.213799,1
43.1864501,-77.8038972,1
56.0012512,92.8855896,1
47.8033743,-3.2787515,1
33.9320556,-83.7137827,1
34.5827699,-117.409215,1
33.7440023,-90.7248187,1
49.9658372,11.5339306,1
19.2433333,-103.7247222,1
23.1168,-82.388557,1
46.677875,-96.8622001,1
30.4754702,-90.1009108,1
43.7570166,-71.6881337,1
15.6224063,103.4903915,1
52.4829614,-1.893592,1
39.1942237,-84.7243924,1
35.170694,136.881637,1
34.257038,-85.1646726,1
37.5739497,-85.7399606,1
41.895093,15.958209,1
39.0962648,-96.8011298,1
35.1666667,33.3666667,1
37.8609747,-78.2633373,1
-8.11237,-79.030022,1
40.4897871,-81.4456706,1
41.228382,-85.1724726,1
35.042036,-89.6645266,1
31.0896313,-92.7115348,1
61.115141,10.4662777,1
40.1784886,-122.2358302,1
33.3490011,-96.5485991,1
32.1136897,-109.9217343,1
3.333378,101.5827451,2
1.259619,101.213097,1
18.0866265,-67.1457347,1
19.1400064,-96.1155932,1
34.469994,-118.1967418,1
26.2768607,50.1472321,1
39.039722,-120.115833,1
45.705329,9.3804235,1
41.6986111,-93.0469444,1
70.2055556,-148.5116667,1
40.5930556,-96.3872222,1
35.36388,-99.5232572,1
40.7667015,-87.992262,1
40.4589042,-3.4797713,1
-1.4851831,102.4380581,1
31.61259,-111.0459238,1
38.2009055,-84.8732835,1
40.797821,-85.8205411,1
44.566667,-80.933333,1
32.6551798,-79.9403673,1
35.5225125,-109.857338,1
44.975819,-69.551849,1
28.2616788,-81.6184078,1
51.0696063,0.6899602,1
41.24417,-74.55111,1
39.2109464,-86.2437941,1
-27.5860349,153.3072094,1
36.9864336,-86.9472194,1
23.2266877,-106.4076183,1
37.4792672,-82.5187629,1
33.3761673,-110.7537196,1
39.7156186,-82.9529584,1
52.905844,1.09059,1
32.2732024,-89.9859158,1
41.2492279,-78.7994738,1
31.2837867,-90.4684315,1
52.4161198,-4.0837984,1
38.1986435,-92.6387968,1
41.999056,-80.138294,1
42.8230556,-82.4922222,1
45.2206728,-123.0762134,1
36.5245972,-76.1782677,1
38.8922687,-89.4131356,1
29.6635469,-85.3554745,1
37.1243164,-77.2258061,1
43.6629384,-116.6873596,1
32.6789476,-115.4988834,1
41.4568065,-122.8947551,1
39.0417785,-76.0663334,1
39.6548186,-77.5727681,1
35.5322741,-97.9550493,1
38.439949,-105.226097,1
33.0342974,-83.938242,1
41.357254,-88.4211785,1
40.1683333,-97.5866667,1
40.1573169,-76.3069014,1
3.169411,98.4858141,1
42.835767,-80.306847,1
32.87167,-96.14833,1
43.0906318,-73.4987251,1
42.9011708,-78.3886312,1
36.523333,-89.319722,1
38.5717898,-77.7638815,1
30.711029,-94.9329898,1
39.1404477,-121.6169108,1
48.1191353,-96.1811473,1
42.2328518,-76.3424357,1
18.455759,-69.307808,1
32.5437448,-86.2119127,1
-5.7944785,-35.2109531,1
45.5260681,-92.5085348,1
37.1764874,-3.5979291,1
4.333131,113.99486,1
45.716099,-73.660645,1
36.7593036,-79.9903195,1
28.5858412,-80.6543627,1
40.7472566,-88.5147789,1
38.7358933,-85.3799577,1
45.120206,7.815466,1
34.7275844,-84.5088178,1
41.7748155,-74.2982059,1
43.2903771,5.863742,1
32.8118856,34.983731,1
37.3218778,126.8308848,1
37.5176453,-76.9788557,1
50.785996,-0.675879,1
42.7533685,-84.7463757,1
35.271228,-82.441508,1
29.4238472,-95.2441009,1
43.4111941,-70.7425569,1
42.6330703,-88.6437138,1
27.5158689,-97.856109,1
40.2942039,-87.2488988,1
71.2905556,-156.7886111,1
46.294847,7.52927,1
60.60607,21.436855,1
51.4813069,-3.1804979,1
35.4119944,-99.4042592,1
39.5147682,-86.7938968,1
42.6811436,-82.7368616,7
42.1428521,-77.0546903,1
15.7161111,120.9030556,1
35.7406864,-81.563149,1
41.7711633,-81.049819,1
38.8186957,-81.7106851,1
0.908795,108.984596,1
32.2871413,-81.0806665,1
44.07872,-80.1996,1
37.962303,23.915296,1
42.7272032,-92.4668511,1
40.1083158,-104.5199585,1
40.2809335,140.2612578,1
35.0525909,-83.1968173,1
33.545833,-82.316111,1
43.1770206,-73.0570488,1
46.818188,8.227512,1
43.2075,-78.325,1
32.6175626,-116.189739,1
44.2444473,-86.324253,1
-8.558458,125.578151,1
32.7287472,-94.9424379,1
48.3887142,-122.4962752,1
52.3969627,13.0586008,1
35.4461965,-93.7624172,1
39.9956193,-82.6743341,1
44.845779,-93.790009,3
36.8401638,-2.4679217,1
30.8829681,-84.3237944,1
46.7791011,-90.7865723,1
46.4032717,-122.8732732,1
43.0772818,-78.1869623,1
51.3392549,1.2797628,1
40.5509104,14.2429262,1
32.3169316,-111.0349614,1
39.1330967,-88.4719918,1
41.5386878,-75.946588,1
40.7989449,-81.6954067,1
43.0450671,-75.86658,1
34.1458435,-116.9825321,1
36.3433965,-88.8503379,1
36.0970819,-80.4192216,1
40.4797688,-84.628291,1
33.5862149,-86.2860888,1
42.5941998,-85.6372413,1
39.9496287,4.1104449,1
-36.9530211,174.4688092,1
33.1070597,-98.589502,1
33.9842768,-88.488099,1
40.8324211,-115.7631232,1
38.9938808,-105.0569301,1
41.7626037,-70.7217017,2
39.3688731,-107.0328241,1
33.8360034,-79.0478143,1
55.101017,14.708329,1
45.291468,-94.215855,1
42.1956438,-74.1337508,1
35.7901559,-78.2038842,1
-4.538772,120.324997,1
40.5971513,-6.5227749,1
34.5862171,-94.2396554,1
-6.832858,107.9531836,1
50.7327045,7.0963113,1
42.0597047,-93.8802273,1
-26.1116016,-49.8068649,1
44.4584089,-68.9241995,1
31.7891667,34.7591667,1
13.7572111,121.0581111,1
44.6277509,-89.3087256,1
59.7579132,18.7051465,1
46.8068852,-92.2382464,1
43.7241455,-97.388953,1
39.0520169,-82.6365536,1
43.0097027,-85.520024,1
51.6157885,5.5392399,1
34.154444,-109.972778,1
43.0355531,-85.8278002,2
39.4032192,-122.009975,1
35.2468204,-91.7336846,1
51.974932,4.9744262,1
34.9049849,-116.8203127,1
34.4047987,-103.2052272,1
38.403903,-96.1816626,1
43.1706128,-78.6903098,1
44.73525,-92.85265,1
36.7080849,-105.4061159,1
36.114526,-113.240014,1
53.996941,10.781845,1
39.505435,-74.841499,1
47.6743428,-117.1124241,1
48.536466,9.285074,1
20.6276233,-87.0782804,1
70.3255556,-148.7113889,1
41.8725,-94.6766667,1
37.762298,-84.8432852,1
37.2255593,-107.5981123,1
39.3399725,-81.4054023,1
44.500811,-80.21696,1
37.0478982,-80.7797935,1
26.0712222,-98.2973651,1
35.2423023,-87.3347389,1
42.31667,-72.12639,1
13.5686111,100.5616667,1
46.6864887,-123.7329385,1
30.8657362,-91.0156594,1
42.7019277,-91.7654411,1
40.6320101,-80.4139539,1
41.5405218,2.2135289,1
43.4442432,-71.6472988,1
26.820553,30.802498,1
46.1491009,-95.973193,1
39.6237094,-77.4108201,1
39.987325,-76.0205073,1
40.3883333,-95.8422222,1
51.53753,-0.9046355,1
41.8550479,-84.3538359,1
21.59,-158.1138889,1
36.381111,-75.833333,1
34.787891,-82.6923591,1
36.7196459,-4.4200186,1
37.970371,-78.218239,1
51.0227509,-0.941996,1
51.482901,7.21181,1
30.3584919,-103.6610115,1
40.700015,-124.1740546,1
38.6967148,-89.225627,1
47.026859,28.841551,1
27.6947732,-80.543845,1
-26.3817003,153.0983793,1
53.541277,-2.117662,1
42.5629668,-114.4608711,1
41.3431688,-70.7447501,1
18.43,-68.97,1
39.4437123,-77.5447102,1
44.5434095,-68.4194641,1
38.5976262,-80.4549026,1
43.8750174,-85.5100498,1
29.73806,-97.91389,1
38.7296252,-120.798546,1
34.8406339,-85.0427257,1
53.326544,-3.834459,1
49.210709,-122.678296,1
51.2329101,-0.3297445,1
45.4383667,10.9917476,1
43.194167,-71.151389,1
33.0366667,-85.0319444,1
49.546852,-106.275148,1
31.179908,-83.7890631,1
38.6100099,-95.684429,1
41.3408333,-89.0908333,1
31.9973456,-102.0779146,1
42.5675,-79.11306,1
42.7077845,-89.4370629,1
41.8975471,-84.0371659,1
39.1242444,-81.7354088,1
42.939167,-72.853333,1
41.1480026,-102.9731216,1
42.9602743,-90.1301237,1
39.4950858,-79.8150605,1
23.7369164,-99.1411154,1
38.8791783,-99.3267702,1
43.304526,-70.9756186,1
47.5382565,-116.1193327,1
39.6247614,-89.0189684,1
43.9826214,-124.0998409,1
37.9166784,-97.422541,1
60.7166667,-135.05,1
50.179683,8.508596,1
28.4237603,-81.0312989,1
42.02964,-97.41687,1
1.342474,103.69117,1
32.4315813,-80.6698286,1
47.2168424,-1.5567445,1
5.4166667,100.3166667,1
-35.3080556,149.1244444,1
38.1758645,-92.7843553,1
50.1102813,4.9554347,1
42.1959225,-73.3620564,1
54.780395,9.435707,1
47.559982,10.217549,1
38.682219,-104.7008056,1
34.79981,-87.677251,1
45.2084696,-117.8652126,1
-1.265386,116.8312,1
39.9831616,-75.8238355,1
54.1765392,12.2288507,1
45.3245771,-118.0877188,1
30.086944,-97.500556,1
34.829838,-82.6015206,1
45.6013889,-107.4597222,1
35.473745,-81.2545251,1
52.376972,-114.919308,1
51.8678493,0.2663775,1
35.6290093,-82.1806697,1
39.7083789,-91.3584816,1
30.3407629,-97.5569456,1
41.34059,-87.6214286,2
-33.7494613,151.0652034,1
42.7214501,-78.132788,1
44.0930184,-93.2377113,1
33.6259545,-83.6123935,1
41.5336616,-84.9127396,1
-23.891581,29.4496,1
31.7093197,-98.9911611,1
45.1853362,-68.6166937,1
44.4139662,-68.5866904,1
44.2764083,-84.2386132,1
41.8788799,-92.7893617,1
39.2486513,-87.3819634,1
40.8689892,-72.5175893,1
51.4579352,7.0148281,1
32.8881879,-84.3265854,1
51.5862949,5.0791272,1
38.7426137,-75.6043714,1
52.1191648,-115.6605258,1
32.5176361,-87.836402,1
33.5128856,-96.3924833,1
45.411675,-80.085481,1
40.5875371,-86.6750059,1
43.0124984,-89.2898397,1
45.1230213,-92.5365865,1
42.3330556,-77.0352778,1
44.631944,-86.0909242,1
44.53017,-93.352371,1
42.9317335,-76.5660529,1
36.5896322,-80.9650023,1
38.083403,-122.7633036,1
42.4390069,-123.3283925,1
40.6283696,-87.6961395,1
32.449029,-97.5266886,1
30.7980556,-81.565,1
49.0568,-122.285045,1
36.0525993,-95.7908195,1
31.5604442,-91.403171,1
-7.756928,113.211502,1
35.6127598,-115.3902716,1
44.9434929,-63.536158,1
34.9617604,-89.8295315,1
42.6667555,-71.7050718,1
36.7595938,-77.385253,1
18.773409,98.9990479,1
38.9939872,-80.2320276,1
46.054732,-64.813748,1
44.3894097,-93.7302337,1
45.3001178,-122.9731565,1
37.3021632,-120.4829677,1
-4.333333,137.0,1
43.0759678,-107.2902839,1
25.2974483,-81.0754657,1
46.9470654,7.4441411,1
60.0762383,30.1213829,1
37.446389,25.32855,1
54.9044493,-1.3814533,1
37.6017278,-85.9055189,1
1.6406296,116.419389,1
26.6253497,-81.6248026,1
40.1460895,-82.4752757,1
42.8706392,-71.9517459,1
36.0031934,-92.2433487,1
45.8495519,9.4155486,1
36.1459649,-81.1606401,1
51.0787177,1.1740852,1
48.993723,-122.7471191,1
33.4487257,-84.4549262,1
42.795896,-77.816947,1
40.1798165,-76.1788391,1
46.8229182,5.586416,1
32.4065312,-97.2116782,1
45.1002389,-91.4887724,1
41.9583822,-85.3249817,1
35.5067215,-97.7625441,1
32.7038689,-80.0311364,1
43.0288172,11.6178986,1
41.06064,-75.774082,1
43.9486126,4.8059666,1
53.91848,-122.776584,1
-41.2184717,175.4651512,1
40.1953106,-88.4042234,1
51.0629403,-1.3165037,1
58.9700526,5.733338,1
44.1900592,-72.8248379,1
35.2596833,-118.9142666,1
44.7971939,-106.9561791,1
47.002378,-71.1942119,1
34.5970402,-83.7632366,1
41.3455892,-88.8425769,1
-34.4247601,150.8640932,1
44.421764,-80.476947,1
43.1731293,6.530046,1
34.7659145,-84.7699385,1
33.5162315,-90.1795281,1
44.776892,-79.927232,1
19.3221698,-81.2408689,1
34.2085036,-77.7963709,1
42.0886576,-85.2347051,1
3.043061,101.4406571,5
39.6978871,-76.0627266,1
-3.780567,115.437698,1
36.722263,-86.5772177,1
39.676163,-89.7045439,1
38.6808958,-85.1793979,1
48.0853521,16.3198999,1
39.8253378,-83.6343672,1
48.870804,-123.515855,1
46.2509653,-119.9017049,1
44.8975,-85.985278,1
35.6709727,-80.4742261,1
44.216944,-85.957778,1
46.474908,3.1343024,1
47.199569,8.487232,1
33.4332236,-79.1214313,1
34.8985866,-117.3616476,1
49.8724245,8.6508574,1
37.2410864,127.1775537,1
38.1635297,-121.1499447,1
47.492343,11.086231,1
43.8447369,-82.6513186,1
0.052784,32.465,1
41.8006523,-73.1212214,1
50.45,30.5233333,1
-19.9875936,-43.8463113,1
36.8745146,-94.8774554,1
63.9964394,-22.6244545,1
38.3497222,-90.9827778,1
26.1093441,50.5239096,1
44.559962,-90.5962498,1
41.282222,-76.145,1
34.7489107,-112.1137716,1
34.1448193,-84.9329986,1
18.1866242,-66.3062802,1
29.9479833,-85.4179766,1
61.1308333,-146.3483333,1
39.8631101,-84.3605022,1
45.2535777,-92.8057669,1
34.4884307,-88.1886539,1
51.2624605,-1.0840243,1
46.9500103,-67.8833992,1
15.7954996,102.0626383,1
38.3358857,-90.1498341,1
37.1675652,-95.1099645,1
41.767575,-76.4427188,1
42.1663746,-93.5018791,1
31.4590576,-85.6404932,1
40.1250725,-79.8664356,1
40.5291491,-104.9852533,1
43.5670136,-76.1277027,1
44.8221909,-89.5903989,1
45.5945645,-121.1786823,1
42.6193625,-112.0110712,1
40.6786691,-82.5823931,1
30.585164,36.238414,1
53.205373,23.7913714,1
41.7809217,-74.9337755,1
32.559149,-115.302247,1
47.8626013,-121.8165095,1
-43.3659797,170.192856,1
38.1394978,-90.5551258,1
38.1355,-97.4362,1
39.4702393,-0.3768049,1
40.8337029,-75.7138008,1
43.7632995,-91.5684764,1
49.85,24.0166667,1
39.0916586,-104.872758,1
34.974532,-92.0165336,1
39.2339348,-86.6250008,1
48.8787167,-121.9718657,1
41.1523202,-72.251191,1
47.9013866,1.9039759,1
36.4275477,-86.8047199,1
33.4956744,-88.4272627,1
38.4731815,-77.9966639,1
41.3750937,-74.692663,1
15.783471,-90.230759,1
43.0516505,-91.1412404,1
29.079164,119.647421,1
38.6592152,-87.172789,1
43.7864342,-69.9598343,1
34.8556441,-86.7508323,1
44.8872124,-87.8645473,1
53.5837721,9.6986642,1
44.363132,-73.226031,1
-1.8479079,120.5279096,1
33.6609389,-95.555513,1
28.46385,77.017838,1
-17.8226762,31.0494966,1
31.8542511,-110.9937019,1
50.9953025,-0.2028417,1
45.0752809,-85.3586838,1
20.6312298,-103.4793579,1
41.5822716,-85.8344383,1
41.5886629,-83.8910534,1
24.6715318,-81.4984176,1
51.386522,0.5443375,1
44.9342349,-68.6453092,1
48.8015576,-118.6069689,1
29.6993748,-91.20677,1
49.1923387,-0.3796444,1
41.7214389,-85.8174946,1
10.1786746,-61.2801996,1
46.8791756,-102.7896242,1
28.4008319,-97.7483312,1
45.2324755,-88.0076062,1
43.8840067,-121.4386404,1
41.569457,2.5263181,1
43.6901081,-1.3752371,1
40.9729584,-117.7356849,1
59.0559164,16.5897578,1
36.1881365,-94.5404962,1
43.89278,-71.67639,1
-38.416097,-63.616672,1
35.0136831,-97.3611394,1
33.0015407,-82.4112377,1
51.9851034,5.8987296,1
53.1559103,-6.8151011,1
44.6614039,-84.7147512,1
40.5579814,8.3222037,1
32.5,34.8997222,1
30.6187,34.7906495,1
-6.5410792,107.4440727,1
44.2946833,-90.8515311,1
54.7133822,-6.2167609,1
22.1564699,-100.9855409,1
42.802808,-83.0129874,1
42.2750639,-78.6728071,1
45.390833,-88.627778,1
43.0765843,-77.7680952,1
30.5182727,-82.94819,1
35.5037598,128.7464415,1
36.3936587,-86.3080463,1
40.9569803,-91.1565365,1
39.3677802,-94.3621703,1
33.3106696,-85.7544051,1
40.5789277,-86.1902719,1
32.7558935,-111.6709584,1
47.5324267,-92.623515,1
46.5435442,-87.395417,1
39.3914252,-87.6936384,1
44.3124644,-89.9042937,1
56.1704026,14.8630072,1
52.406374,16.9251681,1
34.2745833,-81.6187178,1
-6.75,108.3833333,1
37.0755463,25.5207358,1
45.1473445,-122.5770322,1
38.2206101,-90.3959543,1
26.55846,-98.12027,1
35.3085842,138.9345062,1
7.764951,-72.226061,1
46.5391751,-102.8682231,1
36.706981,-97.0855948,1
39.6562064,-77.9316649,1
32.792,-115.5630514,1
42.8228091,-83.9444027,1
43.0663612,-92.6724112,1
43.5946963,-96.5719896,1
48.484939,1.0777681,1
34.9570324,-92.4273785,1
38.197743,-77.588167,1
39.5926181,-74.4426493,1
35.6438587,-121.1907533,1
39.8628101,-88.1622654,1
31.0510187,-96.4291327,1
43.4232837,-61.4447461,1
41.1408322,-96.2397418,1
40.7453169,-86.7647343,1
1.1426122,101.2797936,1
43.165548,-89.9129013,1
40.271482,22.508662,1
35.613918,-87.843148,1
19.4968732,-99.7232673,1
36.2506364,-83.7974099,1
41.036056,-111.6768769,1
44.6,-79.4166667,1
-25.274398,133.775136,1
50.581185,-3.469593,1
-13.525,-71.9722222,1
32.884143,-85.816998,1
36.0754183,-79.0997347,1
-8.0542775,-34.8812561,1
-35.675147,-71.542969,1
29.6899563,-95.8996757,1
35.2031373,-85.9210899,1
34.815149,134.6853528,1
41.212582,-121.373726,1
37.6144838,-93.4104749,1
50.553861,9.674339,1
38.3500016,-104.7227546,1
38.0778764,-88.7686382,1
42.5953378,-78.9411461,1
33.5873164,-102.37796,1
34.5228881,-82.4942948,1
23.709921,90.407143,1
14.9723586,102.0775411,1
35.20105,-91.8318334,1
41.8552778,-93.9230556,1
18.4666667,-77.9166667,1
14.1166667,122.95,1
59.4388619,24.7544715,1
40.1214579,-82.0106918,1
36.5964948,-82.1884666,1
35.7152472,-108.2377519,1
44.6447233,-85.7673003,1
35.4389836,-77.3094674,1
39.6636933,-79.4053167,1
30.4015879,-86.8635709,1
29.351944,-95.46,1
45.8404101,-119.2894605,1
43.1586786,-76.3327095,1
39.761157,-86.8119523,1
52.477964,-0.921035,1
40.7889746,-76.5588473,1
33.4417915,-94.0376881,1
31.8087678,-85.969951,1
40.3611643,-83.7596557,1
22.2052778,-159.5027778,1
35.7972998,-84.2560299,1
-6.8083451,110.8417977,1
47.1697143,-98.4598177,1
34.8227556,-118.9448219,1
39.2951013,-77.8605508,1
29.5957696,-90.7195348,1
39.109724,-95.0877465,1
18.442751,-78.178627,1
34.2542084,-110.0298327,1
29.0246906,-95.3988291,1
40.7875572,-82.7365677,1
34.7180556,33.0855556,1
35.5642474,-89.6464672,1
29.8202205,-94.3840777,1
-1.3965845,35.5234337,1
1.530976,110.3442199,1
52.408418,12.562492,1
56.8426093,53.2244492,1
-33.8646914,151.0436262,1
25.0865151,-80.4472802,1
39.9850718,-81.7915186,1
43.6406274,-72.1439764,1
43.3898028,-71.0650649,1
54.441581,18.5600956,1
47.5859427,1.3300966,1
37.104114,-119.3176258,1
27.0672755,-81.3567397,1
46.2483333,-114.1597222,1
-1.596672,103.615799,1
43.0361961,-71.1833951,1
43.8909703,-0.4979027,1
37.684167,-77.885556,1
45.5459053,11.540307,1
30.5168639,-86.482172,1
42.627862,-72.8698183,1
40.1536479,-88.9645253,1
24.9375874,121.2168466,1
43.312458,-81.755897,1
35.3746207,-116.0413889,1
35.140556,-85.232778,1
31.50234,-106.1585867,1
40.39698,-88.8706291,1
47.4473204,-122.4598502,1
43.1683286,-89.0667775,1
17.8964345,-62.852201,1
45.738895,-79.469487,1
48.939806,-125.544446,1
40.845,9.4987777,1
41.3042201,-82.975192,1
38.8789426,-86.0419247,1
35.53639,-82.69306,1
43.3033056,-91.7857092,1
59.8660813,10.4904092,1
41.990334,-72.159363,1
45.910484,-64.373419,1
41.8742225,-80.1317236,1
18.7166667,-68.45,1
42.1237053,-72.4314731,1
34.4362013,-84.6999346,1
36.2695388,-95.8547119,1
38.5249065,-121.9708017,1
33.4706927,-82.5045733,1
30.8601745,-100.6009299,1
37.6774769,-113.0618931,1
18.0955335,-67.9046703,1
48.3634784,-120.122303,1
52.5166667,13.6666667,1
35.1321877,-118.4489739,1
20.0230556,-155.6716667,1
54.9778404,-1.6129165,1
39.33374,-78.053184,1
38.06191,-97.94276,1
43.2955514,16.84877,1
33.9294606,-116.977248,1
41.953594,-70.813942,2
47.9479601,-116.7079745,1
44.5975185,10.6917222,1
57.6969943,11.9865,1
42.4737009,-72.0061877,1
35.53111,-81.03,1
43.8569444,-90.1472222,1
37.370474,128.3899769,1
31.2232313,-85.3904888,1
38.5292877,-76.9752514,1
32.7169988,-116.8761347,1
18.5204303,73.8567437,1
47.7843,9.609931,1
55.9471558,-3.9899256,1
41.4397222,-96.49,1
38.8817784,-78.5058429,1
35.2334472,-82.7342919,1
39.8220535,-75.8274413,1
33.3045698,-89.8567501,1
48.7303091,2.2727484,2
37.8196499,-120.6721494,1
43.07972,-86.06722,1
-3.365789,36.67445,1
47.983952,10.87184,1
28.790161,-82.130091,1
40.3147554,-88.3500541,1
32.9051704,-80.6667688,1
48.1061551,5.0639188,1
34.7732102,-80.3917315,1
43.1289111,-85.8814335,1
44.0060847,-97.1139496,1
44.9369054,-91.3929348,1
-33.9725887,-53.5487849,1
40.6917043,-89.7951061,1
45.79829,-89.1629047,1
39.1261111,-82.9830556,1
33.5913739,130.3988871,1
21.994665,-99.01074,1
48.5449971,-117.9009544,1
44.43,-94.6583333,1
52.315384,-0.547304,1
38.6764777,-81.6601279,1
34.8662005,-92.1101458,1
43.1907173,140.9946621,1
25.8588889,-81.3847222,1
38.8022696,-89.0870086,1
21.4273779,39.8148383,1
47.5587,7.5866,1
50.4227364,7.5777897,1
39.4453393,-83.8285375,1
44.8839001,-84.3055687,1
-16.9233991,145.773851,1
39.074208,21.824312,1
30.385755,-88.6116854,1
47.1086111,-104.7105556,1
53.1487082,-1.5711235,1
40.5289548,-79.4614306,1
35.9828412,-86.5186045,1
44.2594979,-73.2112346,1
30.8829628,-87.7730474,1
32.1595947,-97.1500074,1
39.8781151,-83.9368765,1
16.783656,96.156831,1
6.3625,2.4255,1
34.312778,-93.841667,1
39.5789357,-86.4822187,5
52.505,4.9641667,1
40.0411536,-86.8744516,1
51.0673989,-1.7976263,1
30.5993603,-87.1610807,1
19.5426237,-96.9137441,1
33.8886289,35.4954794,1
46.777248,23.59989,1
39.790371,-77.7277714,1
57.6969034,11.6063626,1
32.3639124,-84.8359395,1
-7.072549,107.794126,1
10.22839,-66.665161,1
42.0526114,-124.2839819,1
43.008608,-89.7384562,1
48.8794866,2.7648167,1
42.7539591,-76.7024485,1
36.7659709,-78.9283441,1
50.8464474,6.3578376,1
37.4912195,127.4875607,1
22.01071,100.799776,1
41.2626228,-69.9661245,1
-29.9069352,-71.2470754,1
45.2191313,-96.6356167,1
39.7102336,-111.8363216,1
48.4110757,-114.3376334,1
-23.6041266,-46.9243004,1
51.252171,5.70457,1
38.3325812,-82.9485023,1
37.5318008,-75.8229859,1
-28.9356371,-49.4863711,1
41.3680919,-89.4648145,1
35.9382103,-77.7905339,1
44.8484524,-123.2339888,1
34.7740494,-79.4628248,1
41.2455927,-89.9248303,1
40.590301,-90.348808,1
39.600618,-82.9460133,1
40.9977765,-96.1622352,1
52.634292,-1.6907115,1
41.7713764,-93.7129997,2
-31.2532183,146.921099,1
37.3265112,-80.7350711,1
38.9088566,1.4323778,1
30.1896756,-82.6392899,1
40.1211545,-85.5580301,1
24.9242995,-80.6278404,1
45.9215067,8.5515597,1
44.0333538,-84.0227717,1
38.7724673,-112.0840943,1
43.64,-79.9319444,1
40.9175,-74.93111,3
-6.923677,107.771964,1
34.3988838,-119.5184564,1
43.216505,-123.3417381,1
35.0077519,-97.092877,1
35.3192254,139.5466868,1
-33.948636,18.6406269,1
42.2670023,-79.7106019,1
38.8070575,-75.422697,1
33.2342834,-97.5861393,1
46.0166667,7.75,1
17.919033,-87.95746,1
40.448208,-122.2977815,1
44.25436,-71.44787,1
46.08831,-64.712331,1
37.9374939,-107.8122852,1
32.397118,-82.0601195,1
43.9785759,-90.5040214,1
56.41041,-5.4697231,1
36.6650471,-87.4427878,1
40.1417045,-87.3947357,1
44.5263422,-109.0565308,1
44.4561674,-87.9334803,1
41.9734258,-74.2120901,1
39.8097343,-98.5556199,1
39.2667418,-81.5615135,1
38.8611619,-86.4872149,1
51.9089796,-8.2589616,1
30.1126874,-89.8879304,1
39.5210995,-105.3052708,1
36.3020023,-88.3267107,1
34.0351726,-77.8935966,1
46.9812062,-123.6026629,1
39.9798943,32.7627465,1
36.5170372,-93.3829869,1
28.8230369,-82.665935,1
52.3116551,6.9268283,1
45.0463807,-87.2970502,1
33.8618418,-77.9944332,1
43.082864,-70.9350582,1
39.4862267,-75.0257313,4
30.1174351,-83.5818147,1
50.98333,9.48333,1
32.7481845,-96.4719312,1
34.1141743,-116.432235,1
37.811941,-107.6645057,1
40.8372809,-81.2595519,1
38.9100671,-75.201229,1
43.4577692,-88.837329,1
24.6711758,46.7570211,1
35.8617292,139.6454822,1
28.902479,-82.5926012,1
43.7639539,-73.7584623,1
39.1458654,-92.6837943,1
40.2842164,-84.1554987,1
36.28,-75.893056,1
35.14726,-107.8514466,1
30.0474332,-99.1403189,1
44.0456225,-71.6700809,1
33.9204354,-80.3414693,1
35.7212689,-77.9155395,1
53.017376,-112.833267,1
35.2784173,-93.1337856,1
3.3546795,117.5965403,1
29.2096836,-99.7861679,1
44.1785884,-89.2490064,1
51.4413289,5.4525455,1
20.2960587,85.8245398,1
-25.2895577,-57.645189,1
31.7960064,-95.1502214,1
34.4351676,-77.8877638,1
43.686908,-92.3890587,1
-33.7762275,150.9323148,1
40.205627,-80.5567384,1
42.5543473,-85.8486236,1
43.9742346,-75.6151927,1
18.4334704,-64.6332782,1
48.8273413,2.5423882,1
51.4351458,6.7626911,1
37.38264,-5.9962951,1
40.1947539,-92.5832496,1
39.104166,-95.8585978,1
30.9451862,-95.375496,1
41.4047222,-99.6413889,1
44.2192901,-123.2056484,1
35.6150716,-87.0352831,1
36.0245743,-84.8984775,1
39.3076744,-123.7994591,1
48.9390509,-119.4356211,1
42.13556,-71.97056,3
41.1115888,-114.96449,1
37.9805686,-101.7526718,1
50.8366393,-0.7801777,1
39.3575049,-100.441807,1
39.2522304,-99.5628877,1
40.5985049,-75.7022567,1
47.3923346,-121.4000942,1
33.889894,-78.579773,1
44.8416633,1.7531226,1
43.1,-5.5833333,1
51.2093176,-1.4783522,1
31.063784,-98.1816957,1
44.32833,-80.106416,1
38.9181671,-78.1944446,1
43.2378519,-73.4915018,1
39.5708354,-97.6625396,1
48.2460563,-4.4899641,1
34.2928774,-91.3378987,1
35.352123,-75.5104308,1
27.5472589,-81.8114715,1
30.2752011,-98.8719843,1
37.1181,-93.367849,1
38.1877544,-75.1778853,1
36.3084275,-95.3169136,1
9.4472596,100.0260888,1
-23.4634523,-46.5334502,1
51.3168055,-0.5590802,1
37.156156,24.505766,1
33.3619444,-111.4516667,1
36.74944,-120.63806,1
31.4504629,-83.5084973,1
46.4110574,-86.6479361,1
41.9464342,-86.338905,1
34.9854275,-80.5495112,1
35.8778548,-84.1711345,1
37.4800544,-86.2938637,1
11.939481,79.497647,1
41.0572232,-96.6447376,1
44.0661044,-87.8842583,1
35.3137111,-83.1765333,1
43.3901177,-123.3125763,1
46.914071,17.8166599,1
45.0705621,7.6866186,1
42.985585,-83.9282955,1
38.0363119,-120.4013061,1
37.7598688,126.7801781,1
41.475546,-93.6788304,1
40.443596,-85.078331,1
58.3636559,11.2302535,1
18.539269,-72.336408,1
39.7136754,-82.5993294,1
40.1124839,-104.9366436,1
9.748917,-83.753428,1
50.5903039,5.6069213,1
38.8851773,-121.9696908,1
36.119485,128.3445734,1
35.254292,-81.6670407,1
32.6081874,-86.3958071,1
43.7687324,11.2569013,1
38.9675463,-89.7639827,1
41.2411449,-87.6461491,1
34.0859829,-81.1831513,1
10.473523,-84.0167423,1
41.2411926,-76.7238458,1
44.880237,-85.272265,1
54.891456,10.404684,1
46.319107,-79.434225,1
35.0037911,-86.8571659,1
37.8847267,-4.7791517,1
41.6067211,-80.572296,1
43.6375,-94.1022222,1
13.1861111,-59.6377778,1
51.6287848,-0.7494655,1
20.8165975,-156.9273193,1
30.2835346,-86.0304942,1
56.4267356,12.8529472,1
25.037721,102.722202,1
43.7545099,-74.7929488,1
43.55222,-87.9617585,1
44.634321,-1.2017356,1
-3.6687994,119.9740534,1
52.835975,-6.9245496,1
31.949381,35.932911,1
33.3631705,-97.1739027,1
39.1007298,-120.9532759,1
-6.56807,107.75983,1
34.257206,-101.519104,1
36.8656008,-87.4886186,1
42.4166744,-90.4290168,1
17.987557,-92.929147,1
41.0525331,-89.0503587,1
29.9746502,-92.1342921,1
42.0160802,-89.3311709,1
60.2699303,24.4432037,1
-3.65607,128.166419,1
56.056768,12.205148,1
44.0781246,-71.2828507,1
41.4641667,-96.7808333,1
44.0886059,-87.657584,1
30.0932737,-95.9877339,1
36.5092118,-86.8849984,1
-37.2017285,-59.8410697,1
18.0110768,-66.6140616,1
38.1604766,-122.8941619,1
53.652743,-2.632412,1
-11.202692,17.873887,1
36.5331586,-82.326806,1
50.0655446,-119.6185295,1
33.886917,9.537499,1
41.6091667,-86.7175,1
46.003917,-112.534446,1
51.585996,0.605291,1
43.7034273,7.2662656,1
18.4274454,-67.1540698,1
